# Torpedo target: 0.61 m square plate, heart-shaped hole
# hole 0.340 x 0.307 m, generated by make_heart_plate.py
o heart_plate
v 0.142313 -0.010000 0.001747
v 0.142313 0.010000 0.001747
v 0.305000 -0.010000 0.003743
v 0.305000 0.010000 0.003743
v 0.145109 -0.010000 0.005345
v 0.145109 0.010000 0.005345
v 0.305000 -0.010000 0.011234
v 0.305000 0.010000 0.011234
v 0.148011 -0.010000 0.009093
v 0.148011 0.010000 0.009093
v 0.305000 -0.010000 0.018738
v 0.305000 0.010000 0.018738
v 0.150531 -0.010000 0.012963
v 0.150531 0.010000 0.012963
v 0.305000 -0.010000 0.026265
v 0.305000 0.010000 0.026265
v 0.153346 -0.010000 0.017006
v 0.153346 0.010000 0.017006
v 0.305000 -0.010000 0.033824
v 0.305000 0.010000 0.033824
v 0.155751 -0.010000 0.021153
v 0.155751 0.010000 0.021153
v 0.305000 -0.010000 0.041424
v 0.305000 0.010000 0.041424
v 0.158172 -0.010000 0.025450
v 0.158172 0.010000 0.025450
v 0.305000 -0.010000 0.049075
v 0.305000 0.010000 0.049075
v 0.160374 -0.010000 0.029859
v 0.160374 0.010000 0.029859
v 0.305000 -0.010000 0.056787
v 0.305000 0.010000 0.056787
v 0.162536 -0.010000 0.034409
v 0.162536 0.010000 0.034409
v 0.305000 -0.010000 0.064569
v 0.305000 0.010000 0.064569
v 0.164254 -0.010000 0.039008
v 0.164254 0.010000 0.039008
v 0.305000 -0.010000 0.072433
v 0.305000 0.010000 0.072433
v 0.165895 -0.010000 0.043725
v 0.165895 0.010000 0.043725
v 0.305000 -0.010000 0.080389
v 0.305000 0.010000 0.080389
v 0.167257 -0.010000 0.048504
v 0.167257 0.010000 0.048504
v 0.305000 -0.010000 0.088448
v 0.305000 0.010000 0.088448
v 0.168335 -0.010000 0.053328
v 0.168335 0.010000 0.053328
v 0.305000 -0.010000 0.096624
v 0.305000 0.010000 0.096624
v 0.169264 -0.010000 0.058231
v 0.169264 0.010000 0.058231
v 0.305000 -0.010000 0.104927
v 0.305000 0.010000 0.104927
v 0.169753 -0.010000 0.063099
v 0.169753 0.010000 0.063099
v 0.305000 -0.010000 0.113372
v 0.305000 0.010000 0.113372
v 0.169952 -0.010000 0.067965
v 0.169952 0.010000 0.067965
v 0.305000 -0.010000 0.121972
v 0.305000 0.010000 0.121972
v 0.169964 -0.010000 0.072858
v 0.169964 0.010000 0.072858
v 0.305000 -0.010000 0.130743
v 0.305000 0.010000 0.130743
v 0.169575 -0.010000 0.077671
v 0.169575 0.010000 0.077671
v 0.305000 -0.010000 0.139700
v 0.305000 0.010000 0.139700
v 0.168903 -0.010000 0.082436
v 0.168903 0.010000 0.082436
v 0.305000 -0.010000 0.148861
v 0.305000 0.010000 0.148861
v 0.168022 -0.010000 0.087176
v 0.168022 0.010000 0.087176
v 0.305000 -0.010000 0.158245
v 0.305000 0.010000 0.158245
v 0.166788 -0.010000 0.091799
v 0.166788 0.010000 0.091799
v 0.305000 -0.010000 0.167870
v 0.305000 0.010000 0.167870
v 0.165289 -0.010000 0.096334
v 0.165289 0.010000 0.096334
v 0.305000 -0.010000 0.177759
v 0.305000 0.010000 0.177759
v 0.163533 -0.010000 0.100766
v 0.163533 0.010000 0.100766
v 0.305000 -0.010000 0.187935
v 0.305000 0.010000 0.187935
v 0.161526 -0.010000 0.105084
v 0.161526 0.010000 0.105084
v 0.305000 -0.010000 0.198424
v 0.305000 0.010000 0.198424
v 0.159279 -0.010000 0.109277
v 0.159279 0.010000 0.109277
v 0.305000 -0.010000 0.209254
v 0.305000 0.010000 0.209254
v 0.156800 -0.010000 0.113335
v 0.156800 0.010000 0.113335
v 0.305000 -0.010000 0.220454
v 0.305000 0.010000 0.220454
v 0.154099 -0.010000 0.117246
v 0.154099 0.010000 0.117246
v 0.305000 -0.010000 0.232059
v 0.305000 0.010000 0.232059
v 0.151186 -0.010000 0.121001
v 0.151186 0.010000 0.121001
v 0.305000 -0.010000 0.244105
v 0.305000 0.010000 0.244105
v 0.148071 -0.010000 0.124591
v 0.148071 0.010000 0.124591
v 0.305000 -0.010000 0.256635
v 0.305000 0.010000 0.256635
v 0.144783 -0.010000 0.128022
v 0.144783 0.010000 0.128022
v 0.305000 -0.010000 0.269693
v 0.305000 0.010000 0.269693
v 0.141302 -0.010000 0.131263
v 0.141302 0.010000 0.131263
v 0.305000 -0.010000 0.283331
v 0.305000 0.010000 0.283331
v 0.137652 -0.010000 0.134314
v 0.137652 0.010000 0.134314
v 0.305000 -0.010000 0.297605
v 0.305000 0.010000 0.297605
v 0.133842 -0.010000 0.137168
v 0.133842 0.010000 0.137168
v 0.297605 -0.010000 0.305000
v 0.297605 0.010000 0.305000
v 0.129884 -0.010000 0.139818
v 0.129884 0.010000 0.139818
v 0.283331 -0.010000 0.305000
v 0.283331 0.010000 0.305000
v 0.125833 -0.010000 0.142307
v 0.125833 0.010000 0.142307
v 0.269693 -0.010000 0.305000
v 0.269693 0.010000 0.305000
v 0.121617 -0.010000 0.144537
v 0.121617 0.010000 0.144537
v 0.256635 -0.010000 0.305000
v 0.256635 0.010000 0.305000
v 0.117285 -0.010000 0.146543
v 0.117285 0.010000 0.146543
v 0.244105 -0.010000 0.305000
v 0.244105 0.010000 0.305000
v 0.112851 -0.010000 0.148322
v 0.112851 0.010000 0.148322
v 0.232059 -0.010000 0.305000
v 0.232059 0.010000 0.305000
v 0.108325 -0.010000 0.149869
v 0.108325 0.010000 0.149869
v 0.220454 -0.010000 0.305000
v 0.220454 0.010000 0.305000
v 0.103658 -0.010000 0.151087
v 0.103658 0.010000 0.151087
v 0.209254 -0.010000 0.305000
v 0.209254 0.010000 0.305000
v 0.098983 -0.010000 0.152148
v 0.098983 0.010000 0.152148
v 0.198424 -0.010000 0.305000
v 0.198424 0.010000 0.305000
v 0.094254 -0.010000 0.152965
v 0.094254 0.010000 0.152965
v 0.187935 -0.010000 0.305000
v 0.187935 0.010000 0.305000
v 0.089415 -0.010000 0.153419
v 0.089415 0.010000 0.153419
v 0.177759 -0.010000 0.305000
v 0.177759 0.010000 0.305000
v 0.084546 -0.010000 0.153610
v 0.084546 0.010000 0.153610
v 0.167870 -0.010000 0.305000
v 0.167870 0.010000 0.305000
v 0.079659 -0.010000 0.153535
v 0.079659 0.010000 0.153535
v 0.158245 -0.010000 0.305000
v 0.158245 0.010000 0.305000
v 0.074771 -0.010000 0.153197
v 0.074771 0.010000 0.153197
v 0.148861 -0.010000 0.305000
v 0.148861 0.010000 0.305000
v 0.069895 -0.010000 0.152598
v 0.069895 0.010000 0.152598
v 0.139700 -0.010000 0.305000
v 0.139700 0.010000 0.305000
v 0.064977 -0.010000 0.151579
v 0.064977 0.010000 0.151579
v 0.130743 -0.010000 0.305000
v 0.130743 0.010000 0.305000
v 0.060103 -0.010000 0.150291
v 0.060103 0.010000 0.150291
v 0.121972 -0.010000 0.305000
v 0.121972 0.010000 0.305000
v 0.055289 -0.010000 0.148741
v 0.055289 0.010000 0.148741
v 0.113372 -0.010000 0.305000
v 0.113372 0.010000 0.305000
v 0.050487 -0.010000 0.146754
v 0.050487 0.010000 0.146754
v 0.104927 -0.010000 0.305000
v 0.104927 0.010000 0.305000
v 0.045781 -0.010000 0.144511
v 0.045781 0.010000 0.144511
v 0.096624 -0.010000 0.305000
v 0.096624 0.010000 0.305000
v 0.041130 -0.010000 0.141829
v 0.041130 0.010000 0.141829
v 0.088448 -0.010000 0.305000
v 0.088448 0.010000 0.305000
v 0.036614 -0.010000 0.138915
v 0.036614 0.010000 0.138915
v 0.080389 -0.010000 0.305000
v 0.080389 0.010000 0.305000
v 0.032249 -0.010000 0.135793
v 0.032249 0.010000 0.135793
v 0.072433 -0.010000 0.305000
v 0.072433 0.010000 0.305000
v 0.027957 -0.010000 0.132058
v 0.027957 0.010000 0.132058
v 0.064569 -0.010000 0.305000
v 0.064569 0.010000 0.305000
v 0.023861 -0.010000 0.128159
v 0.023861 0.010000 0.128159
v 0.056787 -0.010000 0.305000
v 0.056787 0.010000 0.305000
v 0.019939 -0.010000 0.123921
v 0.019939 0.010000 0.123921
v 0.049075 -0.010000 0.305000
v 0.049075 0.010000 0.305000
v 0.016186 -0.010000 0.119174
v 0.016186 0.010000 0.119174
v 0.041424 -0.010000 0.305000
v 0.041424 0.010000 0.305000
v 0.012642 -0.010000 0.113994
v 0.012642 0.010000 0.113994
v 0.033824 -0.010000 0.305000
v 0.033824 0.010000 0.305000
v 0.009343 -0.010000 0.108493
v 0.009343 0.010000 0.108493
v 0.026265 -0.010000 0.305000
v 0.026265 0.010000 0.305000
v 0.006294 -0.010000 0.102451
v 0.006294 0.010000 0.102451
v 0.018738 -0.010000 0.305000
v 0.018738 0.010000 0.305000
v 0.003524 -0.010000 0.095688
v 0.003524 0.010000 0.095688
v 0.011234 -0.010000 0.305000
v 0.011234 0.010000 0.305000
v 0.001072 -0.010000 0.087328
v 0.001072 0.010000 0.087328
v 0.003743 -0.010000 0.305000
v 0.003743 0.010000 0.305000
v -0.001072 -0.010000 0.087328
v -0.001072 0.010000 0.087328
v -0.003743 -0.010000 0.305000
v -0.003743 0.010000 0.305000
v -0.003524 -0.010000 0.095688
v -0.003524 0.010000 0.095688
v -0.011234 -0.010000 0.305000
v -0.011234 0.010000 0.305000
v -0.006294 -0.010000 0.102451
v -0.006294 0.010000 0.102451
v -0.018738 -0.010000 0.305000
v -0.018738 0.010000 0.305000
v -0.009343 -0.010000 0.108493
v -0.009343 0.010000 0.108493
v -0.026265 -0.010000 0.305000
v -0.026265 0.010000 0.305000
v -0.012642 -0.010000 0.113994
v -0.012642 0.010000 0.113994
v -0.033824 -0.010000 0.305000
v -0.033824 0.010000 0.305000
v -0.016186 -0.010000 0.119174
v -0.016186 0.010000 0.119174
v -0.041424 -0.010000 0.305000
v -0.041424 0.010000 0.305000
v -0.019939 -0.010000 0.123921
v -0.019939 0.010000 0.123921
v -0.049075 -0.010000 0.305000
v -0.049075 0.010000 0.305000
v -0.023861 -0.010000 0.128159
v -0.023861 0.010000 0.128159
v -0.056787 -0.010000 0.305000
v -0.056787 0.010000 0.305000
v -0.027957 -0.010000 0.132058
v -0.027957 0.010000 0.132058
v -0.064569 -0.010000 0.305000
v -0.064569 0.010000 0.305000
v -0.032249 -0.010000 0.135793
v -0.032249 0.010000 0.135793
v -0.072433 -0.010000 0.305000
v -0.072433 0.010000 0.305000
v -0.036614 -0.010000 0.138915
v -0.036614 0.010000 0.138915
v -0.080389 -0.010000 0.305000
v -0.080389 0.010000 0.305000
v -0.041130 -0.010000 0.141829
v -0.041130 0.010000 0.141829
v -0.088448 -0.010000 0.305000
v -0.088448 0.010000 0.305000
v -0.045781 -0.010000 0.144511
v -0.045781 0.010000 0.144511
v -0.096624 -0.010000 0.305000
v -0.096624 0.010000 0.305000
v -0.050487 -0.010000 0.146754
v -0.050487 0.010000 0.146754
v -0.104927 -0.010000 0.305000
v -0.104927 0.010000 0.305000
v -0.055289 -0.010000 0.148741
v -0.055289 0.010000 0.148741
v -0.113372 -0.010000 0.305000
v -0.113372 0.010000 0.305000
v -0.060103 -0.010000 0.150291
v -0.060103 0.010000 0.150291
v -0.121972 -0.010000 0.305000
v -0.121972 0.010000 0.305000
v -0.064977 -0.010000 0.151579
v -0.064977 0.010000 0.151579
v -0.130743 -0.010000 0.305000
v -0.130743 0.010000 0.305000
v -0.069895 -0.010000 0.152598
v -0.069895 0.010000 0.152598
v -0.139700 -0.010000 0.305000
v -0.139700 0.010000 0.305000
v -0.074771 -0.010000 0.153197
v -0.074771 0.010000 0.153197
v -0.148861 -0.010000 0.305000
v -0.148861 0.010000 0.305000
v -0.079659 -0.010000 0.153535
v -0.079659 0.010000 0.153535
v -0.158245 -0.010000 0.305000
v -0.158245 0.010000 0.305000
v -0.084546 -0.010000 0.153610
v -0.084546 0.010000 0.153610
v -0.167870 -0.010000 0.305000
v -0.167870 0.010000 0.305000
v -0.089415 -0.010000 0.153419
v -0.089415 0.010000 0.153419
v -0.177759 -0.010000 0.305000
v -0.177759 0.010000 0.305000
v -0.094254 -0.010000 0.152965
v -0.094254 0.010000 0.152965
v -0.187935 -0.010000 0.305000
v -0.187935 0.010000 0.305000
v -0.098983 -0.010000 0.152148
v -0.098983 0.010000 0.152148
v -0.198424 -0.010000 0.305000
v -0.198424 0.010000 0.305000
v -0.103658 -0.010000 0.151087
v -0.103658 0.010000 0.151087
v -0.209254 -0.010000 0.305000
v -0.209254 0.010000 0.305000
v -0.108325 -0.010000 0.149869
v -0.108325 0.010000 0.149869
v -0.220454 -0.010000 0.305000
v -0.220454 0.010000 0.305000
v -0.112851 -0.010000 0.148322
v -0.112851 0.010000 0.148322
v -0.232059 -0.010000 0.305000
v -0.232059 0.010000 0.305000
v -0.117285 -0.010000 0.146543
v -0.117285 0.010000 0.146543
v -0.244105 -0.010000 0.305000
v -0.244105 0.010000 0.305000
v -0.121617 -0.010000 0.144537
v -0.121617 0.010000 0.144537
v -0.256635 -0.010000 0.305000
v -0.256635 0.010000 0.305000
v -0.125833 -0.010000 0.142307
v -0.125833 0.010000 0.142307
v -0.269693 -0.010000 0.305000
v -0.269693 0.010000 0.305000
v -0.129884 -0.010000 0.139818
v -0.129884 0.010000 0.139818
v -0.283331 -0.010000 0.305000
v -0.283331 0.010000 0.305000
v -0.133842 -0.010000 0.137168
v -0.133842 0.010000 0.137168
v -0.297605 -0.010000 0.305000
v -0.297605 0.010000 0.305000
v -0.137652 -0.010000 0.134314
v -0.137652 0.010000 0.134314
v -0.305000 -0.010000 0.297605
v -0.305000 0.010000 0.297605
v -0.141302 -0.010000 0.131263
v -0.141302 0.010000 0.131263
v -0.305000 -0.010000 0.283331
v -0.305000 0.010000 0.283331
v -0.144783 -0.010000 0.128022
v -0.144783 0.010000 0.128022
v -0.305000 -0.010000 0.269693
v -0.305000 0.010000 0.269693
v -0.148071 -0.010000 0.124591
v -0.148071 0.010000 0.124591
v -0.305000 -0.010000 0.256635
v -0.305000 0.010000 0.256635
v -0.151186 -0.010000 0.121001
v -0.151186 0.010000 0.121001
v -0.305000 -0.010000 0.244105
v -0.305000 0.010000 0.244105
v -0.154099 -0.010000 0.117246
v -0.154099 0.010000 0.117246
v -0.305000 -0.010000 0.232059
v -0.305000 0.010000 0.232059
v -0.156800 -0.010000 0.113335
v -0.156800 0.010000 0.113335
v -0.305000 -0.010000 0.220454
v -0.305000 0.010000 0.220454
v -0.159279 -0.010000 0.109277
v -0.159279 0.010000 0.109277
v -0.305000 -0.010000 0.209254
v -0.305000 0.010000 0.209254
v -0.161526 -0.010000 0.105084
v -0.161526 0.010000 0.105084
v -0.305000 -0.010000 0.198424
v -0.305000 0.010000 0.198424
v -0.163533 -0.010000 0.100766
v -0.163533 0.010000 0.100766
v -0.305000 -0.010000 0.187935
v -0.305000 0.010000 0.187935
v -0.165289 -0.010000 0.096334
v -0.165289 0.010000 0.096334
v -0.305000 -0.010000 0.177759
v -0.305000 0.010000 0.177759
v -0.166788 -0.010000 0.091799
v -0.166788 0.010000 0.091799
v -0.305000 -0.010000 0.167870
v -0.305000 0.010000 0.167870
v -0.168022 -0.010000 0.087176
v -0.168022 0.010000 0.087176
v -0.305000 -0.010000 0.158245
v -0.305000 0.010000 0.158245
v -0.168903 -0.010000 0.082436
v -0.168903 0.010000 0.082436
v -0.305000 -0.010000 0.148861
v -0.305000 0.010000 0.148861
v -0.169575 -0.010000 0.077671
v -0.169575 0.010000 0.077671
v -0.305000 -0.010000 0.139700
v -0.305000 0.010000 0.139700
v -0.169964 -0.010000 0.072858
v -0.169964 0.010000 0.072858
v -0.305000 -0.010000 0.130743
v -0.305000 0.010000 0.130743
v -0.169952 -0.010000 0.067965
v -0.169952 0.010000 0.067965
v -0.305000 -0.010000 0.121972
v -0.305000 0.010000 0.121972
v -0.169753 -0.010000 0.063099
v -0.169753 0.010000 0.063099
v -0.305000 -0.010000 0.113372
v -0.305000 0.010000 0.113372
v -0.169264 -0.010000 0.058231
v -0.169264 0.010000 0.058231
v -0.305000 -0.010000 0.104927
v -0.305000 0.010000 0.104927
v -0.168335 -0.010000 0.053328
v -0.168335 0.010000 0.053328
v -0.305000 -0.010000 0.096624
v -0.305000 0.010000 0.096624
v -0.167257 -0.010000 0.048504
v -0.167257 0.010000 0.048504
v -0.305000 -0.010000 0.088448
v -0.305000 0.010000 0.088448
v -0.165895 -0.010000 0.043725
v -0.165895 0.010000 0.043725
v -0.305000 -0.010000 0.080389
v -0.305000 0.010000 0.080389
v -0.164254 -0.010000 0.039008
v -0.164254 0.010000 0.039008
v -0.305000 -0.010000 0.072433
v -0.305000 0.010000 0.072433
v -0.162536 -0.010000 0.034409
v -0.162536 0.010000 0.034409
v -0.305000 -0.010000 0.064569
v -0.305000 0.010000 0.064569
v -0.160374 -0.010000 0.029859
v -0.160374 0.010000 0.029859
v -0.305000 -0.010000 0.056787
v -0.305000 0.010000 0.056787
v -0.158172 -0.010000 0.025450
v -0.158172 0.010000 0.025450
v -0.305000 -0.010000 0.049075
v -0.305000 0.010000 0.049075
v -0.155751 -0.010000 0.021153
v -0.155751 0.010000 0.021153
v -0.305000 -0.010000 0.041424
v -0.305000 0.010000 0.041424
v -0.153346 -0.010000 0.017006
v -0.153346 0.010000 0.017006
v -0.305000 -0.010000 0.033824
v -0.305000 0.010000 0.033824
v -0.150531 -0.010000 0.012963
v -0.150531 0.010000 0.012963
v -0.305000 -0.010000 0.026265
v -0.305000 0.010000 0.026265
v -0.148011 -0.010000 0.009093
v -0.148011 0.010000 0.009093
v -0.305000 -0.010000 0.018738
v -0.305000 0.010000 0.018738
v -0.145109 -0.010000 0.005345
v -0.145109 0.010000 0.005345
v -0.305000 -0.010000 0.011234
v -0.305000 0.010000 0.011234
v -0.142313 -0.010000 0.001747
v -0.142313 0.010000 0.001747
v -0.305000 -0.010000 0.003743
v -0.305000 0.010000 0.003743
v -0.139405 -0.010000 -0.001711
v -0.139405 0.010000 -0.001711
v -0.305000 -0.010000 -0.003743
v -0.305000 0.010000 -0.003743
v -0.136643 -0.010000 -0.005033
v -0.136643 0.010000 -0.005033
v -0.305000 -0.010000 -0.011234
v -0.305000 0.010000 -0.011234
v -0.133798 -0.010000 -0.008220
v -0.133798 0.010000 -0.008220
v -0.305000 -0.010000 -0.018738
v -0.305000 0.010000 -0.018738
v -0.130886 -0.010000 -0.011271
v -0.130886 0.010000 -0.011271
v -0.305000 -0.010000 -0.026265
v -0.305000 0.010000 -0.026265
v -0.128160 -0.010000 -0.014213
v -0.128160 0.010000 -0.014213
v -0.305000 -0.010000 -0.033824
v -0.305000 0.010000 -0.033824
v -0.125390 -0.010000 -0.017030
v -0.125390 0.010000 -0.017030
v -0.305000 -0.010000 -0.041424
v -0.305000 0.010000 -0.041424
v -0.122820 -0.010000 -0.019762
v -0.122820 0.010000 -0.019762
v -0.305000 -0.010000 -0.049075
v -0.305000 0.010000 -0.049075
v -0.119992 -0.010000 -0.022341
v -0.119992 0.010000 -0.022341
v -0.305000 -0.010000 -0.056787
v -0.305000 0.010000 -0.056787
v -0.117602 -0.010000 -0.024897
v -0.117602 0.010000 -0.024897
v -0.305000 -0.010000 -0.064569
v -0.305000 0.010000 -0.064569
v -0.114974 -0.010000 -0.027304
v -0.114974 0.010000 -0.027304
v -0.305000 -0.010000 -0.072433
v -0.305000 0.010000 -0.072433
v -0.112345 -0.010000 -0.029611
v -0.112345 0.010000 -0.029611
v -0.305000 -0.010000 -0.080389
v -0.305000 0.010000 -0.080389
v -0.109930 -0.010000 -0.031879
v -0.109930 0.010000 -0.031879
v -0.305000 -0.010000 -0.088448
v -0.305000 0.010000 -0.088448
v -0.107519 -0.010000 -0.034062
v -0.107519 0.010000 -0.034062
v -0.305000 -0.010000 -0.096624
v -0.305000 0.010000 -0.096624
v -0.105117 -0.010000 -0.036163
v -0.105117 0.010000 -0.036163
v -0.305000 -0.010000 -0.104927
v -0.305000 0.010000 -0.104927
v -0.102913 -0.010000 -0.038254
v -0.102913 0.010000 -0.038254
v -0.305000 -0.010000 -0.113372
v -0.305000 0.010000 -0.113372
v -0.100543 -0.010000 -0.040208
v -0.100543 0.010000 -0.040208
v -0.305000 -0.010000 -0.121972
v -0.305000 0.010000 -0.121972
v -0.098364 -0.010000 -0.042165
v -0.098364 0.010000 -0.042165
v -0.305000 -0.010000 -0.130743
v -0.305000 0.010000 -0.130743
v -0.096200 -0.010000 -0.044063
v -0.096200 0.010000 -0.044063
v -0.305000 -0.010000 -0.139700
v -0.305000 0.010000 -0.139700
v -0.094056 -0.010000 -0.045906
v -0.094056 0.010000 -0.045906
v -0.305000 -0.010000 -0.148861
v -0.305000 0.010000 -0.148861
v -0.091934 -0.010000 -0.047698
v -0.091934 0.010000 -0.047698
v -0.305000 -0.010000 -0.158245
v -0.305000 0.010000 -0.158245
v -0.089962 -0.010000 -0.049514
v -0.089962 0.010000 -0.049514
v -0.305000 -0.010000 -0.167870
v -0.305000 0.010000 -0.167870
v -0.087884 -0.010000 -0.051220
v -0.087884 0.010000 -0.051220
v -0.305000 -0.010000 -0.177759
v -0.305000 0.010000 -0.177759
v -0.085941 -0.010000 -0.052955
v -0.085941 0.010000 -0.052955
v -0.305000 -0.010000 -0.187935
v -0.305000 0.010000 -0.187935
v -0.083915 -0.010000 -0.054593
v -0.083915 0.010000 -0.054593
v -0.305000 -0.010000 -0.198424
v -0.305000 0.010000 -0.198424
v -0.082007 -0.010000 -0.056263
v -0.082007 0.010000 -0.056263
v -0.305000 -0.010000 -0.209254
v -0.305000 0.010000 -0.209254
v -0.080114 -0.010000 -0.057907
v -0.080114 0.010000 -0.057907
v -0.305000 -0.010000 -0.220454
v -0.305000 0.010000 -0.220454
v -0.078168 -0.010000 -0.059474
v -0.078168 0.010000 -0.059474
v -0.305000 -0.010000 -0.232059
v -0.305000 0.010000 -0.232059
v -0.076313 -0.010000 -0.061077
v -0.076313 0.010000 -0.061077
v -0.305000 -0.010000 -0.244105
v -0.305000 0.010000 -0.244105
v -0.074472 -0.010000 -0.062663
v -0.074472 0.010000 -0.062663
v -0.305000 -0.010000 -0.256635
v -0.305000 0.010000 -0.256635
v -0.072644 -0.010000 -0.064235
v -0.072644 0.010000 -0.064235
v -0.305000 -0.010000 -0.269693
v -0.305000 0.010000 -0.269693
v -0.070829 -0.010000 -0.065796
v -0.070829 0.010000 -0.065796
v -0.305000 -0.010000 -0.283331
v -0.305000 0.010000 -0.283331
v -0.069024 -0.010000 -0.067350
v -0.069024 0.010000 -0.067350
v -0.305000 -0.010000 -0.297605
v -0.305000 0.010000 -0.297605
v -0.067228 -0.010000 -0.068899
v -0.067228 0.010000 -0.068899
v -0.297605 -0.010000 -0.305000
v -0.297605 0.010000 -0.305000
v -0.065440 -0.010000 -0.070445
v -0.065440 0.010000 -0.070445
v -0.283331 -0.010000 -0.305000
v -0.283331 0.010000 -0.305000
v -0.063655 -0.010000 -0.071988
v -0.063655 0.010000 -0.071988
v -0.269693 -0.010000 -0.305000
v -0.269693 0.010000 -0.305000
v -0.061880 -0.010000 -0.073542
v -0.061880 0.010000 -0.073542
v -0.256635 -0.010000 -0.305000
v -0.256635 0.010000 -0.305000
v -0.060105 -0.010000 -0.075099
v -0.060105 0.010000 -0.075099
v -0.244105 -0.010000 -0.305000
v -0.244105 0.010000 -0.305000
v -0.058327 -0.010000 -0.076660
v -0.058327 0.010000 -0.076660
v -0.232059 -0.010000 -0.305000
v -0.232059 0.010000 -0.305000
v -0.056563 -0.010000 -0.078256
v -0.056563 0.010000 -0.078256
v -0.220454 -0.010000 -0.305000
v -0.220454 0.010000 -0.305000
v -0.054773 -0.010000 -0.079835
v -0.054773 0.010000 -0.079835
v -0.209254 -0.010000 -0.305000
v -0.209254 0.010000 -0.305000
v -0.053001 -0.010000 -0.081468
v -0.053001 0.010000 -0.081468
v -0.198424 -0.010000 -0.305000
v -0.198424 0.010000 -0.305000
v -0.051184 -0.010000 -0.083066
v -0.051184 0.010000 -0.083066
v -0.187935 -0.010000 -0.305000
v -0.187935 0.010000 -0.305000
v -0.049384 -0.010000 -0.084734
v -0.049384 0.010000 -0.084734
v -0.177759 -0.010000 -0.305000
v -0.177759 0.010000 -0.305000
v -0.047566 -0.010000 -0.086423
v -0.047566 0.010000 -0.086423
v -0.167870 -0.010000 -0.305000
v -0.167870 0.010000 -0.305000
v -0.045725 -0.010000 -0.088130
v -0.045725 0.010000 -0.088130
v -0.158245 -0.010000 -0.305000
v -0.158245 0.010000 -0.305000
v -0.043901 -0.010000 -0.089949
v -0.043901 0.010000 -0.089949
v -0.148861 -0.010000 -0.305000
v -0.148861 0.010000 -0.305000
v -0.042000 -0.010000 -0.091696
v -0.042000 0.010000 -0.091696
v -0.139700 -0.010000 -0.305000
v -0.139700 0.010000 -0.305000
v -0.040108 -0.010000 -0.093565
v -0.040108 0.010000 -0.093565
v -0.130743 -0.010000 -0.305000
v -0.130743 0.010000 -0.305000
v -0.038174 -0.010000 -0.095457
v -0.038174 0.010000 -0.095457
v -0.121972 -0.010000 -0.305000
v -0.121972 0.010000 -0.305000
v -0.036240 -0.010000 -0.097496
v -0.036240 0.010000 -0.097496
v -0.113372 -0.010000 -0.305000
v -0.113372 0.010000 -0.305000
v -0.034205 -0.010000 -0.099425
v -0.034205 0.010000 -0.099425
v -0.104927 -0.010000 -0.305000
v -0.104927 0.010000 -0.305000
v -0.032202 -0.010000 -0.101649
v -0.032202 0.010000 -0.101649
v -0.096624 -0.010000 -0.305000
v -0.096624 0.010000 -0.305000
v -0.030086 -0.010000 -0.103747
v -0.030086 0.010000 -0.103747
v -0.088448 -0.010000 -0.305000
v -0.088448 0.010000 -0.305000
v -0.027981 -0.010000 -0.106163
v -0.027981 0.010000 -0.106163
v -0.080389 -0.010000 -0.305000
v -0.080389 0.010000 -0.305000
v -0.025790 -0.010000 -0.108595
v -0.025790 0.010000 -0.108595
v -0.072433 -0.010000 -0.305000
v -0.072433 0.010000 -0.305000
v -0.023541 -0.010000 -0.111197
v -0.023541 0.010000 -0.111197
v -0.064569 -0.010000 -0.305000
v -0.064569 0.010000 -0.305000
v -0.021219 -0.010000 -0.113965
v -0.021219 0.010000 -0.113965
v -0.056787 -0.010000 -0.305000
v -0.056787 0.010000 -0.305000
v -0.018808 -0.010000 -0.116889
v -0.018808 0.010000 -0.116889
v -0.049075 -0.010000 -0.305000
v -0.049075 0.010000 -0.305000
v -0.016315 -0.010000 -0.120127
v -0.016315 0.010000 -0.120127
v -0.041424 -0.010000 -0.305000
v -0.041424 0.010000 -0.305000
v -0.013713 -0.010000 -0.123652
v -0.013713 0.010000 -0.123652
v -0.033824 -0.010000 -0.305000
v -0.033824 0.010000 -0.305000
v -0.011001 -0.010000 -0.127753
v -0.011001 0.010000 -0.127753
v -0.026265 -0.010000 -0.305000
v -0.026265 0.010000 -0.305000
v -0.008129 -0.010000 -0.132312
v -0.008129 0.010000 -0.132312
v -0.018738 -0.010000 -0.305000
v -0.018738 0.010000 -0.305000
v -0.005084 -0.010000 -0.138019
v -0.005084 0.010000 -0.138019
v -0.011234 -0.010000 -0.305000
v -0.011234 0.010000 -0.305000
v -0.001789 -0.010000 -0.145770
v -0.001789 0.010000 -0.145770
v -0.003743 -0.010000 -0.305000
v -0.003743 0.010000 -0.305000
v 0.001789 -0.010000 -0.145770
v 0.001789 0.010000 -0.145770
v 0.003743 -0.010000 -0.305000
v 0.003743 0.010000 -0.305000
v 0.005084 -0.010000 -0.138019
v 0.005084 0.010000 -0.138019
v 0.011234 -0.010000 -0.305000
v 0.011234 0.010000 -0.305000
v 0.008129 -0.010000 -0.132312
v 0.008129 0.010000 -0.132312
v 0.018738 -0.010000 -0.305000
v 0.018738 0.010000 -0.305000
v 0.011001 -0.010000 -0.127753
v 0.011001 0.010000 -0.127753
v 0.026265 -0.010000 -0.305000
v 0.026265 0.010000 -0.305000
v 0.013713 -0.010000 -0.123652
v 0.013713 0.010000 -0.123652
v 0.033824 -0.010000 -0.305000
v 0.033824 0.010000 -0.305000
v 0.016315 -0.010000 -0.120127
v 0.016315 0.010000 -0.120127
v 0.041424 -0.010000 -0.305000
v 0.041424 0.010000 -0.305000
v 0.018808 -0.010000 -0.116889
v 0.018808 0.010000 -0.116889
v 0.049075 -0.010000 -0.305000
v 0.049075 0.010000 -0.305000
v 0.021219 -0.010000 -0.113965
v 0.021219 0.010000 -0.113965
v 0.056787 -0.010000 -0.305000
v 0.056787 0.010000 -0.305000
v 0.023541 -0.010000 -0.111197
v 0.023541 0.010000 -0.111197
v 0.064569 -0.010000 -0.305000
v 0.064569 0.010000 -0.305000
v 0.025790 -0.010000 -0.108595
v 0.025790 0.010000 -0.108595
v 0.072433 -0.010000 -0.305000
v 0.072433 0.010000 -0.305000
v 0.027981 -0.010000 -0.106163
v 0.027981 0.010000 -0.106163
v 0.080389 -0.010000 -0.305000
v 0.080389 0.010000 -0.305000
v 0.030086 -0.010000 -0.103747
v 0.030086 0.010000 -0.103747
v 0.088448 -0.010000 -0.305000
v 0.088448 0.010000 -0.305000
v 0.032202 -0.010000 -0.101649
v 0.032202 0.010000 -0.101649
v 0.096624 -0.010000 -0.305000
v 0.096624 0.010000 -0.305000
v 0.034205 -0.010000 -0.099425
v 0.034205 0.010000 -0.099425
v 0.104927 -0.010000 -0.305000
v 0.104927 0.010000 -0.305000
v 0.036240 -0.010000 -0.097496
v 0.036240 0.010000 -0.097496
v 0.113372 -0.010000 -0.305000
v 0.113372 0.010000 -0.305000
v 0.038174 -0.010000 -0.095457
v 0.038174 0.010000 -0.095457
v 0.121972 -0.010000 -0.305000
v 0.121972 0.010000 -0.305000
v 0.040108 -0.010000 -0.093565
v 0.040108 0.010000 -0.093565
v 0.130743 -0.010000 -0.305000
v 0.130743 0.010000 -0.305000
v 0.042000 -0.010000 -0.091696
v 0.042000 0.010000 -0.091696
v 0.139700 -0.010000 -0.305000
v 0.139700 0.010000 -0.305000
v 0.043901 -0.010000 -0.089949
v 0.043901 0.010000 -0.089949
v 0.148861 -0.010000 -0.305000
v 0.148861 0.010000 -0.305000
v 0.045725 -0.010000 -0.088130
v 0.045725 0.010000 -0.088130
v 0.158245 -0.010000 -0.305000
v 0.158245 0.010000 -0.305000
v 0.047566 -0.010000 -0.086423
v 0.047566 0.010000 -0.086423
v 0.167870 -0.010000 -0.305000
v 0.167870 0.010000 -0.305000
v 0.049384 -0.010000 -0.084734
v 0.049384 0.010000 -0.084734
v 0.177759 -0.010000 -0.305000
v 0.177759 0.010000 -0.305000
v 0.051184 -0.010000 -0.083066
v 0.051184 0.010000 -0.083066
v 0.187935 -0.010000 -0.305000
v 0.187935 0.010000 -0.305000
v 0.053001 -0.010000 -0.081468
v 0.053001 0.010000 -0.081468
v 0.198424 -0.010000 -0.305000
v 0.198424 0.010000 -0.305000
v 0.054773 -0.010000 -0.079835
v 0.054773 0.010000 -0.079835
v 0.209254 -0.010000 -0.305000
v 0.209254 0.010000 -0.305000
v 0.056563 -0.010000 -0.078256
v 0.056563 0.010000 -0.078256
v 0.220454 -0.010000 -0.305000
v 0.220454 0.010000 -0.305000
v 0.058327 -0.010000 -0.076660
v 0.058327 0.010000 -0.076660
v 0.232059 -0.010000 -0.305000
v 0.232059 0.010000 -0.305000
v 0.060105 -0.010000 -0.075099
v 0.060105 0.010000 -0.075099
v 0.244105 -0.010000 -0.305000
v 0.244105 0.010000 -0.305000
v 0.061880 -0.010000 -0.073542
v 0.061880 0.010000 -0.073542
v 0.256635 -0.010000 -0.305000
v 0.256635 0.010000 -0.305000
v 0.063655 -0.010000 -0.071988
v 0.063655 0.010000 -0.071988
v 0.269693 -0.010000 -0.305000
v 0.269693 0.010000 -0.305000
v 0.065440 -0.010000 -0.070445
v 0.065440 0.010000 -0.070445
v 0.283331 -0.010000 -0.305000
v 0.283331 0.010000 -0.305000
v 0.067228 -0.010000 -0.068899
v 0.067228 0.010000 -0.068899
v 0.297605 -0.010000 -0.305000
v 0.297605 0.010000 -0.305000
v 0.069024 -0.010000 -0.067350
v 0.069024 0.010000 -0.067350
v 0.305000 -0.010000 -0.297605
v 0.305000 0.010000 -0.297605
v 0.070829 -0.010000 -0.065796
v 0.070829 0.010000 -0.065796
v 0.305000 -0.010000 -0.283331
v 0.305000 0.010000 -0.283331
v 0.072644 -0.010000 -0.064235
v 0.072644 0.010000 -0.064235
v 0.305000 -0.010000 -0.269693
v 0.305000 0.010000 -0.269693
v 0.074472 -0.010000 -0.062663
v 0.074472 0.010000 -0.062663
v 0.305000 -0.010000 -0.256635
v 0.305000 0.010000 -0.256635
v 0.076313 -0.010000 -0.061077
v 0.076313 0.010000 -0.061077
v 0.305000 -0.010000 -0.244105
v 0.305000 0.010000 -0.244105
v 0.078168 -0.010000 -0.059474
v 0.078168 0.010000 -0.059474
v 0.305000 -0.010000 -0.232059
v 0.305000 0.010000 -0.232059
v 0.080114 -0.010000 -0.057907
v 0.080114 0.010000 -0.057907
v 0.305000 -0.010000 -0.220454
v 0.305000 0.010000 -0.220454
v 0.082007 -0.010000 -0.056263
v 0.082007 0.010000 -0.056263
v 0.305000 -0.010000 -0.209254
v 0.305000 0.010000 -0.209254
v 0.083915 -0.010000 -0.054593
v 0.083915 0.010000 -0.054593
v 0.305000 -0.010000 -0.198424
v 0.305000 0.010000 -0.198424
v 0.085941 -0.010000 -0.052955
v 0.085941 0.010000 -0.052955
v 0.305000 -0.010000 -0.187935
v 0.305000 0.010000 -0.187935
v 0.087884 -0.010000 -0.051220
v 0.087884 0.010000 -0.051220
v 0.305000 -0.010000 -0.177759
v 0.305000 0.010000 -0.177759
v 0.089962 -0.010000 -0.049514
v 0.089962 0.010000 -0.049514
v 0.305000 -0.010000 -0.167870
v 0.305000 0.010000 -0.167870
v 0.091934 -0.010000 -0.047698
v 0.091934 0.010000 -0.047698
v 0.305000 -0.010000 -0.158245
v 0.305000 0.010000 -0.158245
v 0.094056 -0.010000 -0.045906
v 0.094056 0.010000 -0.045906
v 0.305000 -0.010000 -0.148861
v 0.305000 0.010000 -0.148861
v 0.096200 -0.010000 -0.044063
v 0.096200 0.010000 -0.044063
v 0.305000 -0.010000 -0.139700
v 0.305000 0.010000 -0.139700
v 0.098364 -0.010000 -0.042165
v 0.098364 0.010000 -0.042165
v 0.305000 -0.010000 -0.130743
v 0.305000 0.010000 -0.130743
v 0.100543 -0.010000 -0.040208
v 0.100543 0.010000 -0.040208
v 0.305000 -0.010000 -0.121972
v 0.305000 0.010000 -0.121972
v 0.102913 -0.010000 -0.038254
v 0.102913 0.010000 -0.038254
v 0.305000 -0.010000 -0.113372
v 0.305000 0.010000 -0.113372
v 0.105117 -0.010000 -0.036163
v 0.105117 0.010000 -0.036163
v 0.305000 -0.010000 -0.104927
v 0.305000 0.010000 -0.104927
v 0.107519 -0.010000 -0.034062
v 0.107519 0.010000 -0.034062
v 0.305000 -0.010000 -0.096624
v 0.305000 0.010000 -0.096624
v 0.109930 -0.010000 -0.031879
v 0.109930 0.010000 -0.031879
v 0.305000 -0.010000 -0.088448
v 0.305000 0.010000 -0.088448
v 0.112345 -0.010000 -0.029611
v 0.112345 0.010000 -0.029611
v 0.305000 -0.010000 -0.080389
v 0.305000 0.010000 -0.080389
v 0.114974 -0.010000 -0.027304
v 0.114974 0.010000 -0.027304
v 0.305000 -0.010000 -0.072433
v 0.305000 0.010000 -0.072433
v 0.117602 -0.010000 -0.024897
v 0.117602 0.010000 -0.024897
v 0.305000 -0.010000 -0.064569
v 0.305000 0.010000 -0.064569
v 0.119992 -0.010000 -0.022341
v 0.119992 0.010000 -0.022341
v 0.305000 -0.010000 -0.056787
v 0.305000 0.010000 -0.056787
v 0.122820 -0.010000 -0.019762
v 0.122820 0.010000 -0.019762
v 0.305000 -0.010000 -0.049075
v 0.305000 0.010000 -0.049075
v 0.125390 -0.010000 -0.017030
v 0.125390 0.010000 -0.017030
v 0.305000 -0.010000 -0.041424
v 0.305000 0.010000 -0.041424
v 0.128160 -0.010000 -0.014213
v 0.128160 0.010000 -0.014213
v 0.305000 -0.010000 -0.033824
v 0.305000 0.010000 -0.033824
v 0.130886 -0.010000 -0.011271
v 0.130886 0.010000 -0.011271
v 0.305000 -0.010000 -0.026265
v 0.305000 0.010000 -0.026265
v 0.133798 -0.010000 -0.008220
v 0.133798 0.010000 -0.008220
v 0.305000 -0.010000 -0.018738
v 0.305000 0.010000 -0.018738
v 0.136643 -0.010000 -0.005033
v 0.136643 0.010000 -0.005033
v 0.305000 -0.010000 -0.011234
v 0.305000 0.010000 -0.011234
v 0.139405 -0.010000 -0.001711
v 0.139405 0.010000 -0.001711
v 0.305000 -0.010000 -0.003743
v 0.305000 0.010000 -0.003743
vn 0.000000 -1.000000 0.000000
vn 0.000000 -1.000000 0.000000
vn 0.000000 1.000000 0.000000
vn 0.000000 1.000000 0.000000
vn -0.789715 0.000000 0.613474
vn -0.789715 0.000000 0.613474
vn 1.000000 0.000000 0.000000
vn 1.000000 0.000000 0.000000
vn 0.000000 -1.000000 0.000000
vn 0.000000 -1.000000 0.000000
vn 0.000000 1.000000 0.000000
vn 0.000000 1.000000 0.000000
vn -0.790731 0.000000 0.612163
vn -0.790731 0.000000 0.612163
vn 1.000000 0.000000 0.000000
vn 1.000000 0.000000 0.000000
vn 0.000000 -1.000000 0.000000
vn 0.000000 -1.000000 0.000000
vn 0.000000 1.000000 0.000000
vn 0.000000 1.000000 0.000000
vn -0.837901 0.000000 0.545823
vn -0.837901 0.000000 0.545823
vn 1.000000 0.000000 0.000000
vn 1.000000 0.000000 0.000000
vn 0.000000 -1.000000 0.000000
vn 0.000000 -1.000000 0.000000
vn 0.000000 1.000000 0.000000
vn 0.000000 1.000000 0.000000
vn -0.820683 0.000000 0.571384
vn -0.820683 0.000000 0.571384
vn 1.000000 0.000000 0.000000
vn 1.000000 0.000000 0.000000
vn 0.000000 -1.000000 0.000000
vn 0.000000 -1.000000 0.000000
vn 0.000000 1.000000 0.000000
vn 0.000000 1.000000 0.000000
vn -0.865145 0.000000 0.501521
vn -0.865145 0.000000 0.501521
vn 1.000000 0.000000 0.000000
vn 1.000000 0.000000 0.000000
vn 0.000000 -1.000000 0.000000
vn 0.000000 -1.000000 0.000000
vn 0.000000 1.000000 0.000000
vn 0.000000 1.000000 0.000000
vn -0.871150 0.000000 0.491016
vn -0.871150 0.000000 0.491016
vn 1.000000 0.000000 0.000000
vn 1.000000 0.000000 0.000000
vn 0.000000 -1.000000 0.000000
vn 0.000000 -1.000000 0.000000
vn 0.000000 1.000000 0.000000
vn 0.000000 1.000000 0.000000
vn -0.894672 0.000000 0.446724
vn -0.894672 0.000000 0.446724
vn 1.000000 0.000000 0.000000
vn 1.000000 0.000000 0.000000
vn 0.000000 -1.000000 0.000000
vn 0.000000 -1.000000 0.000000
vn 0.000000 1.000000 0.000000
vn 0.000000 1.000000 0.000000
vn -0.903221 0.000000 0.429175
vn -0.903221 0.000000 0.429175
vn 1.000000 0.000000 0.000000
vn 1.000000 0.000000 0.000000
vn 0.000000 -1.000000 0.000000
vn 0.000000 -1.000000 0.000000
vn 0.000000 1.000000 0.000000
vn 0.000000 1.000000 0.000000
vn -0.936729 0.000000 0.350054
vn -0.936729 0.000000 0.350054
vn 1.000000 0.000000 0.000000
vn 1.000000 0.000000 0.000000
vn 0.000000 -1.000000 0.000000
vn 0.000000 -1.000000 0.000000
vn 0.000000 1.000000 0.000000
vn 0.000000 1.000000 0.000000
vn -0.944523 0.000000 0.328444
vn -0.944523 0.000000 0.328444
vn 1.000000 0.000000 0.000000
vn 1.000000 0.000000 0.000000
vn 0.000000 -1.000000 0.000000
vn 0.000000 -1.000000 0.000000
vn 0.000000 1.000000 0.000000
vn 0.000000 1.000000 0.000000
vn -0.961694 0.000000 0.274125
vn -0.961694 0.000000 0.274125
vn 1.000000 0.000000 0.000000
vn 1.000000 0.000000 0.000000
vn 0.000000 -1.000000 0.000000
vn 0.000000 -1.000000 0.000000
vn 0.000000 1.000000 0.000000
vn 0.000000 1.000000 0.000000
vn -0.975922 0.000000 0.218121
vn -0.975922 0.000000 0.218121
vn 1.000000 0.000000 0.000000
vn 1.000000 0.000000 0.000000
vn 0.000000 -1.000000 0.000000
vn 0.000000 -1.000000 0.000000
vn 0.000000 1.000000 0.000000
vn 0.000000 1.000000 0.000000
vn -0.982530 0.000000 0.186102
vn -0.982530 0.000000 0.186102
vn 1.000000 0.000000 0.000000
vn 1.000000 0.000000 0.000000
vn 0.000000 -1.000000 0.000000
vn 0.000000 -1.000000 0.000000
vn 0.000000 1.000000 0.000000
vn 0.000000 1.000000 0.000000
vn -0.994988 0.000000 0.099997
vn -0.994988 0.000000 0.099997
vn 1.000000 0.000000 0.000000
vn 1.000000 0.000000 0.000000
vn 0.000000 -1.000000 0.000000
vn 0.000000 -1.000000 0.000000
vn 0.000000 1.000000 0.000000
vn 0.000000 1.000000 0.000000
vn -0.999167 0.000000 0.040816
vn -0.999167 0.000000 0.040816
vn 1.000000 0.000000 0.000000
vn 1.000000 0.000000 0.000000
vn 0.000000 -1.000000 0.000000
vn 0.000000 -1.000000 0.000000
vn 0.000000 1.000000 0.000000
vn 0.000000 1.000000 0.000000
vn -0.999997 0.000000 0.002542
vn -0.999997 0.000000 0.002542
vn 1.000000 0.000000 0.000000
vn 1.000000 0.000000 0.000000
vn 0.000000 -1.000000 0.000000
vn 0.000000 -1.000000 0.000000
vn 0.000000 1.000000 0.000000
vn 0.000000 1.000000 -0.000000
vn -0.996751 0.000000 -0.080547
vn -0.996751 0.000000 -0.080547
vn 1.000000 0.000000 0.000000
vn 1.000000 0.000000 0.000000
vn 0.000000 -1.000000 0.000000
vn 0.000000 -1.000000 0.000000
vn 0.000000 1.000000 0.000000
vn 0.000000 1.000000 -0.000000
vn -0.990197 0.000000 -0.139681
vn -0.990197 0.000000 -0.139681
vn 1.000000 0.000000 0.000000
vn 1.000000 0.000000 0.000000
vn 0.000000 -1.000000 0.000000
vn 0.000000 -1.000000 0.000000
vn 0.000000 1.000000 0.000000
vn 0.000000 1.000000 -0.000000
vn -0.983161 0.000000 -0.182741
vn -0.983161 0.000000 -0.182741
vn 1.000000 0.000000 0.000000
vn 1.000000 0.000000 0.000000
vn 0.000000 -1.000000 0.000000
vn 0.000000 -1.000000 0.000000
vn 0.000000 1.000000 0.000000
vn 0.000000 1.000000 -0.000000
vn -0.966205 0.000000 -0.257773
vn -0.966205 0.000000 -0.257773
vn 1.000000 0.000000 0.000000
vn 1.000000 0.000000 0.000000
vn 0.000000 -1.000000 0.000000
vn 0.000000 -1.000000 0.000000
vn 0.000000 1.000000 0.000000
vn 0.000000 1.000000 -0.000000
vn -0.949460 0.000000 -0.313888
vn -0.949460 0.000000 -0.313888
vn 1.000000 0.000000 0.000000
vn 1.000000 0.000000 0.000000
vn 0.000000 -1.000000 0.000000
vn 0.000000 -1.000000 0.000000
vn 0.000000 1.000000 0.000000
vn 0.000000 1.000000 -0.000000
vn -0.929632 0.000000 -0.368490
vn -0.929632 0.000000 -0.368490
vn 1.000000 0.000000 0.000000
vn 1.000000 0.000000 0.000000
vn 0.000000 -1.000000 0.000000
vn 0.000000 -1.000000 0.000000
vn 0.000000 1.000000 0.000000
vn 0.000000 1.000000 -0.000000
vn -0.906885 0.000000 -0.421379
vn -0.906885 0.000000 -0.421379
vn 1.000000 0.000000 0.000000
vn 1.000000 0.000000 0.000000
vn 0.000000 -1.000000 0.000000
vn 0.000000 -1.000000 0.000000
vn 0.000000 1.000000 0.000000
vn 0.000000 1.000000 -0.000000
vn -0.881392 0.000000 -0.472386
vn -0.881392 0.000000 -0.472386
vn 1.000000 0.000000 0.000000
vn 1.000000 0.000000 0.000000
vn 0.000000 -1.000000 0.000000
vn 0.000000 -1.000000 0.000000
vn 0.000000 1.000000 0.000000
vn 0.000000 1.000000 -0.000000
vn -0.853327 0.000000 -0.521376
vn -0.853327 0.000000 -0.521376
vn 1.000000 0.000000 0.000000
vn 1.000000 0.000000 0.000000
vn 0.000000 -1.000000 0.000000
vn 0.000000 -1.000000 0.000000
vn 0.000000 1.000000 0.000000
vn 0.000000 1.000000 -0.000000
vn -0.822861 0.000000 -0.568243
vn -0.822861 0.000000 -0.568243
vn 1.000000 0.000000 0.000000
vn 1.000000 0.000000 0.000000
vn 0.000000 -1.000000 0.000000
vn 0.000000 -1.000000 0.000000
vn 0.000000 1.000000 0.000000
vn 0.000000 1.000000 -0.000000
vn -0.790156 0.000000 -0.612906
vn -0.790156 0.000000 -0.612906
vn 1.000000 0.000000 0.000000
vn 1.000000 0.000000 0.000000
vn 0.000000 -1.000000 0.000000
vn 0.000000 -1.000000 0.000000
vn 0.000000 1.000000 0.000000
vn 0.000000 1.000000 -0.000000
vn -0.755365 0.000000 -0.655304
vn -0.755365 0.000000 -0.655304
vn 1.000000 0.000000 0.000000
vn 1.000000 0.000000 0.000000
vn 0.000000 -1.000000 0.000000
vn 0.000000 -1.000000 0.000000
vn 0.000000 1.000000 0.000000
vn 0.000000 1.000000 -0.000000
vn -0.721910 0.000000 -0.691987
vn -0.721910 0.000000 -0.691987
vn 1.000000 0.000000 0.000000
vn 1.000000 0.000000 0.000000
vn 0.000000 -1.000000 0.000000
vn 0.000000 -1.000000 0.000000
vn 0.000000 1.000000 0.000000
vn 0.000000 1.000000 -0.000000
vn -0.681512 0.000000 -0.731807
vn -0.681512 0.000000 -0.731807
vn 1.000000 0.000000 0.000000
vn 1.000000 0.000000 0.000000
vn 0.000000 -1.000000 0.000000
vn 0.000000 -1.000000 0.000000
vn 0.000000 1.000000 0.000000
vn 0.000000 1.000000 -0.000000
vn -0.641323 0.000000 -0.767271
vn -0.641323 0.000000 -0.767271
vn 1.000000 0.000000 0.000000
vn 1.000000 0.000000 0.000000
vn 0.000000 -1.000000 0.000000
vn 0.000000 -1.000000 0.000000
vn 0.000000 1.000000 0.000000
vn 0.000000 1.000000 -0.000000
vn -0.599550 0.000000 -0.800337
vn -0.599550 0.000000 -0.800337
vn 0.707107 -0.000000 0.707107
vn 0.707107 0.000000 0.707107
vn 0.000000 -1.000000 0.000000
vn 0.000000 -1.000000 0.000000
vn 0.000000 1.000000 0.000000
vn 0.000000 1.000000 -0.000000
vn -0.556299 0.000000 -0.830982
vn -0.556299 0.000000 -0.830982
vn 0.000000 -0.000000 1.000000
vn 0.000000 0.000000 1.000000
vn 0.000000 -1.000000 0.000000
vn 0.000000 -1.000000 0.000000
vn 0.000000 1.000000 0.000000
vn 0.000000 1.000000 -0.000000
vn -0.523518 0.000000 -0.852015
vn -0.523518 0.000000 -0.852015
vn 0.000000 -0.000000 1.000000
vn 0.000000 0.000000 1.000000
vn 0.000000 -1.000000 0.000000
vn 0.000000 -1.000000 0.000000
vn 0.000000 1.000000 0.000000
vn 0.000000 1.000000 -0.000000
vn -0.467425 0.000000 -0.884033
vn -0.467425 0.000000 -0.884033
vn 0.000000 -0.000000 1.000000
vn 0.000000 0.000000 1.000000
vn 0.000000 -1.000000 0.000000
vn 0.000000 -1.000000 0.000000
vn 0.000000 1.000000 0.000000
vn 0.000000 1.000000 -0.000000
vn -0.420398 0.000000 -0.907340
vn -0.420398 0.000000 -0.907340
vn 0.000000 -0.000000 1.000000
vn 0.000000 0.000000 1.000000
vn 0.000000 -1.000000 0.000000
vn 0.000000 -1.000000 0.000000
vn 0.000000 1.000000 0.000000
vn 0.000000 1.000000 -0.000000
vn -0.372314 0.000000 -0.928107
vn -0.372314 0.000000 -0.928107
vn 0.000000 -0.000000 1.000000
vn 0.000000 0.000000 1.000000
vn 0.000000 -1.000000 0.000000
vn 0.000000 -1.000000 0.000000
vn 0.000000 1.000000 0.000000
vn 0.000000 1.000000 -0.000000
vn -0.323296 0.000000 -0.946298
vn -0.323296 0.000000 -0.946298
vn 0.000000 -0.000000 1.000000
vn 0.000000 0.000000 1.000000
vn 0.000000 -1.000000 0.000000
vn 0.000000 -1.000000 0.000000
vn 0.000000 1.000000 0.000000
vn 0.000000 1.000000 -0.000000
vn -0.252640 0.000000 -0.967560
vn -0.252640 0.000000 -0.967560
vn 0.000000 -0.000000 1.000000
vn 0.000000 0.000000 1.000000
vn 0.000000 -1.000000 0.000000
vn 0.000000 -1.000000 0.000000
vn 0.000000 1.000000 0.000000
vn 0.000000 1.000000 -0.000000
vn -0.221215 0.000000 -0.975225
vn -0.221215 0.000000 -0.975225
vn 0.000000 -0.000000 1.000000
vn 0.000000 0.000000 1.000000
vn 0.000000 -1.000000 0.000000
vn 0.000000 -1.000000 0.000000
vn 0.000000 1.000000 0.000000
vn 0.000000 1.000000 -0.000000
vn -0.170233 0.000000 -0.985404
vn -0.170233 0.000000 -0.985404
vn 0.000000 -0.000000 1.000000
vn 0.000000 0.000000 1.000000
vn 0.000000 -1.000000 0.000000
vn 0.000000 -1.000000 0.000000
vn 0.000000 1.000000 0.000000
vn 0.000000 1.000000 -0.000000
vn -0.093552 0.000000 -0.995614
vn -0.093552 0.000000 -0.995614
vn 0.000000 -0.000000 1.000000
vn 0.000000 0.000000 1.000000
vn 0.000000 -1.000000 0.000000
vn 0.000000 -1.000000 0.000000
vn 0.000000 1.000000 0.000000
vn 0.000000 1.000000 -0.000000
vn -0.039030 0.000000 -0.999238
vn -0.039030 0.000000 -0.999238
vn 0.000000 -0.000000 1.000000
vn 0.000000 0.000000 1.000000
vn 0.000000 -1.000000 0.000000
vn -0.000000 -1.000000 0.000000
vn 0.000000 1.000000 0.000000
vn 0.000000 1.000000 -0.000000
vn 0.015230 0.000000 -0.999884
vn 0.015230 0.000000 -0.999884
vn 0.000000 -0.000000 1.000000
vn 0.000000 0.000000 1.000000
vn 0.000000 -1.000000 0.000000
vn -0.000000 -1.000000 0.000000
vn 0.000000 1.000000 0.000000
vn 0.000000 1.000000 -0.000000
vn 0.068991 0.000000 -0.997617
vn 0.068991 0.000000 -0.997617
vn 0.000000 -0.000000 1.000000
vn 0.000000 0.000000 1.000000
vn 0.000000 -1.000000 0.000000
vn -0.000000 -1.000000 0.000000
vn 0.000000 1.000000 0.000000
vn 0.000000 1.000000 -0.000000
vn 0.122013 0.000000 -0.992529
vn 0.122013 0.000000 -0.992529
vn 0.000000 -0.000000 1.000000
vn 0.000000 0.000000 1.000000
vn 0.000000 -1.000000 0.000000
vn -0.000000 -1.000000 0.000000
vn 0.000000 1.000000 0.000000
vn 0.000000 1.000000 -0.000000
vn 0.202808 0.000000 -0.979219
vn 0.202808 0.000000 -0.979219
vn 0.000000 -0.000000 1.000000
vn 0.000000 0.000000 1.000000
vn 0.000000 -1.000000 0.000000
vn -0.000000 -1.000000 0.000000
vn 0.000000 1.000000 0.000000
vn 0.000000 1.000000 -0.000000
vn 0.255492 0.000000 -0.966811
vn 0.255492 0.000000 -0.966811
vn 0.000000 -0.000000 1.000000
vn 0.000000 0.000000 1.000000
vn 0.000000 -1.000000 0.000000
vn -0.000000 -1.000000 0.000000
vn 0.000000 1.000000 0.000000
vn 0.000000 1.000000 -0.000000
vn 0.306421 0.000000 -0.951896
vn 0.306421 0.000000 -0.951896
vn 0.000000 -0.000000 1.000000
vn 0.000000 0.000000 1.000000
vn 0.000000 -1.000000 0.000000
vn -0.000000 -1.000000 0.000000
vn 0.000000 1.000000 0.000000
vn 0.000000 1.000000 -0.000000
vn 0.382467 0.000000 -0.923969
vn 0.382467 0.000000 -0.923969
vn 0.000000 -0.000000 1.000000
vn 0.000000 0.000000 1.000000
vn 0.000000 -1.000000 0.000000
vn -0.000000 -1.000000 0.000000
vn 0.000000 1.000000 0.000000
vn 0.000000 1.000000 -0.000000
vn 0.430193 0.000000 -0.902737
vn 0.430193 0.000000 -0.902737
vn 0.000000 -0.000000 1.000000
vn 0.000000 0.000000 1.000000
vn 0.000000 -1.000000 0.000000
vn -0.000000 -1.000000 0.000000
vn 0.000000 1.000000 0.000000
vn 0.000000 1.000000 -0.000000
vn 0.499497 0.000000 -0.866316
vn 0.499497 0.000000 -0.866316
vn 0.000000 -0.000000 1.000000
vn 0.000000 0.000000 1.000000
vn 0.000000 -1.000000 0.000000
vn -0.000000 -1.000000 0.000000
vn 0.000000 1.000000 0.000000
vn 0.000000 1.000000 -0.000000
vn 0.542195 0.000000 -0.840253
vn 0.542195 0.000000 -0.840253
vn 0.000000 -0.000000 1.000000
vn 0.000000 0.000000 1.000000
vn 0.000000 -1.000000 0.000000
vn -0.000000 -1.000000 0.000000
vn 0.000000 1.000000 0.000000
vn 0.000000 1.000000 -0.000000
vn 0.581827 0.000000 -0.813312
vn 0.581827 0.000000 -0.813312
vn 0.000000 -0.000000 1.000000
vn 0.000000 0.000000 1.000000
vn 0.000000 -1.000000 0.000000
vn -0.000000 -1.000000 0.000000
vn 0.000000 1.000000 0.000000
vn 0.000000 1.000000 -0.000000
vn 0.656476 0.000000 -0.754347
vn 0.656476 0.000000 -0.754347
vn 0.000000 -0.000000 1.000000
vn 0.000000 0.000000 1.000000
vn 0.000000 -1.000000 0.000000
vn -0.000000 -1.000000 0.000000
vn 0.000000 1.000000 0.000000
vn 0.000000 1.000000 -0.000000
vn 0.689445 0.000000 -0.724338
vn 0.689445 0.000000 -0.724338
vn 0.000000 -0.000000 1.000000
vn 0.000000 0.000000 1.000000
vn 0.000000 -1.000000 0.000000
vn -0.000000 -1.000000 0.000000
vn 0.000000 1.000000 0.000000
vn 0.000000 1.000000 -0.000000
vn 0.733958 0.000000 -0.679195
vn 0.733958 0.000000 -0.679195
vn 0.000000 -0.000000 1.000000
vn 0.000000 0.000000 1.000000
vn 0.000000 -1.000000 0.000000
vn -0.000000 -1.000000 0.000000
vn 0.000000 1.000000 0.000000
vn 0.000000 1.000000 -0.000000
vn 0.784443 0.000000 -0.620201
vn 0.784443 0.000000 -0.620201
vn 0.000000 -0.000000 1.000000
vn 0.000000 0.000000 1.000000
vn 0.000000 -1.000000 0.000000
vn -0.000000 -1.000000 0.000000
vn 0.000000 1.000000 0.000000
vn 0.000000 1.000000 -0.000000
vn 0.825312 0.000000 -0.564678
vn 0.825312 0.000000 -0.564678
vn 0.000000 -0.000000 1.000000
vn 0.000000 0.000000 1.000000
vn 0.000000 -1.000000 0.000000
vn -0.000000 -1.000000 0.000000
vn 0.000000 1.000000 0.000000
vn 0.000000 1.000000 -0.000000
vn 0.857593 0.000000 -0.514329
vn 0.857593 0.000000 -0.514329
vn 0.000000 -0.000000 1.000000
vn 0.000000 0.000000 1.000000
vn 0.000000 -1.000000 0.000000
vn -0.000000 -1.000000 0.000000
vn 0.000000 1.000000 0.000000
vn 0.000000 1.000000 -0.000000
vn 0.892801 0.000000 -0.450452
vn 0.892801 0.000000 -0.450452
vn 0.000000 -0.000000 1.000000
vn 0.000000 0.000000 1.000000
vn 0.000000 -1.000000 0.000000
vn -0.000000 -1.000000 0.000000
vn 0.000000 1.000000 0.000000
vn 0.000000 1.000000 -0.000000
vn 0.925389 0.000000 -0.379019
vn 0.925389 0.000000 -0.379019
vn 0.000000 -0.000000 1.000000
vn 0.000000 0.000000 1.000000
vn 0.000000 -1.000000 0.000000
vn -0.000000 -1.000000 0.000000
vn 0.000000 1.000000 0.000000
vn 0.000000 1.000000 -0.000000
vn 0.959555 0.000000 -0.281520
vn 0.959555 0.000000 -0.281520
vn 0.000000 -0.000000 1.000000
vn 0.000000 0.000000 1.000000
vn 0.000000 -1.000000 0.000000
vn 0.000000 -1.000000 0.000000
vn 0.000000 1.000000 -0.000000
vn 0.000000 1.000000 0.000000
vn -0.000000 0.000000 -1.000000
vn -0.000000 0.000000 -1.000000
vn 0.000000 -0.000000 1.000000
vn 0.000000 0.000000 1.000000
vn 0.000000 -1.000000 0.000000
vn 0.000000 -1.000000 0.000000
vn 0.000000 1.000000 0.000000
vn 0.000000 1.000000 0.000000
vn -0.959555 0.000000 -0.281520
vn -0.959555 0.000000 -0.281520
vn 0.000000 -0.000000 1.000000
vn 0.000000 0.000000 1.000000
vn 0.000000 -1.000000 0.000000
vn 0.000000 -1.000000 0.000000
vn 0.000000 1.000000 0.000000
vn 0.000000 1.000000 0.000000
vn -0.925389 0.000000 -0.379019
vn -0.925389 0.000000 -0.379019
vn 0.000000 -0.000000 1.000000
vn 0.000000 0.000000 1.000000
vn 0.000000 -1.000000 0.000000
vn 0.000000 -1.000000 0.000000
vn 0.000000 1.000000 0.000000
vn 0.000000 1.000000 0.000000
vn -0.892801 0.000000 -0.450452
vn -0.892801 0.000000 -0.450452
vn 0.000000 -0.000000 1.000000
vn 0.000000 0.000000 1.000000
vn 0.000000 -1.000000 0.000000
vn 0.000000 -1.000000 0.000000
vn 0.000000 1.000000 0.000000
vn 0.000000 1.000000 0.000000
vn -0.857593 0.000000 -0.514329
vn -0.857593 0.000000 -0.514329
vn 0.000000 -0.000000 1.000000
vn 0.000000 0.000000 1.000000
vn 0.000000 -1.000000 0.000000
vn 0.000000 -1.000000 0.000000
vn 0.000000 1.000000 0.000000
vn 0.000000 1.000000 0.000000
vn -0.825312 0.000000 -0.564678
vn -0.825312 0.000000 -0.564678
vn 0.000000 -0.000000 1.000000
vn 0.000000 0.000000 1.000000
vn 0.000000 -1.000000 0.000000
vn 0.000000 -1.000000 0.000000
vn 0.000000 1.000000 0.000000
vn 0.000000 1.000000 0.000000
vn -0.784443 0.000000 -0.620201
vn -0.784443 0.000000 -0.620201
vn 0.000000 -0.000000 1.000000
vn 0.000000 0.000000 1.000000
vn 0.000000 -1.000000 0.000000
vn 0.000000 -1.000000 0.000000
vn 0.000000 1.000000 0.000000
vn 0.000000 1.000000 0.000000
vn -0.733958 0.000000 -0.679195
vn -0.733958 0.000000 -0.679195
vn 0.000000 -0.000000 1.000000
vn 0.000000 0.000000 1.000000
vn 0.000000 -1.000000 0.000000
vn 0.000000 -1.000000 0.000000
vn 0.000000 1.000000 0.000000
vn 0.000000 1.000000 0.000000
vn -0.689445 0.000000 -0.724338
vn -0.689445 0.000000 -0.724338
vn 0.000000 -0.000000 1.000000
vn 0.000000 0.000000 1.000000
vn 0.000000 -1.000000 0.000000
vn 0.000000 -1.000000 0.000000
vn 0.000000 1.000000 0.000000
vn 0.000000 1.000000 0.000000
vn -0.656476 0.000000 -0.754347
vn -0.656476 0.000000 -0.754347
vn 0.000000 -0.000000 1.000000
vn 0.000000 0.000000 1.000000
vn 0.000000 -1.000000 0.000000
vn 0.000000 -1.000000 0.000000
vn 0.000000 1.000000 0.000000
vn 0.000000 1.000000 0.000000
vn -0.581827 0.000000 -0.813312
vn -0.581827 0.000000 -0.813312
vn 0.000000 -0.000000 1.000000
vn 0.000000 0.000000 1.000000
vn 0.000000 -1.000000 0.000000
vn 0.000000 -1.000000 0.000000
vn 0.000000 1.000000 0.000000
vn 0.000000 1.000000 0.000000
vn -0.542195 0.000000 -0.840253
vn -0.542195 0.000000 -0.840253
vn 0.000000 -0.000000 1.000000
vn 0.000000 0.000000 1.000000
vn 0.000000 -1.000000 0.000000
vn 0.000000 -1.000000 0.000000
vn 0.000000 1.000000 0.000000
vn 0.000000 1.000000 0.000000
vn -0.499497 0.000000 -0.866316
vn -0.499497 0.000000 -0.866316
vn 0.000000 -0.000000 1.000000
vn 0.000000 0.000000 1.000000
vn 0.000000 -1.000000 0.000000
vn 0.000000 -1.000000 0.000000
vn 0.000000 1.000000 0.000000
vn 0.000000 1.000000 0.000000
vn -0.430193 0.000000 -0.902737
vn -0.430193 0.000000 -0.902737
vn 0.000000 -0.000000 1.000000
vn 0.000000 0.000000 1.000000
vn 0.000000 -1.000000 0.000000
vn 0.000000 -1.000000 0.000000
vn 0.000000 1.000000 0.000000
vn 0.000000 1.000000 0.000000
vn -0.382467 0.000000 -0.923969
vn -0.382467 0.000000 -0.923969
vn 0.000000 -0.000000 1.000000
vn 0.000000 0.000000 1.000000
vn 0.000000 -1.000000 0.000000
vn 0.000000 -1.000000 0.000000
vn 0.000000 1.000000 0.000000
vn 0.000000 1.000000 0.000000
vn -0.306421 0.000000 -0.951896
vn -0.306421 0.000000 -0.951896
vn 0.000000 -0.000000 1.000000
vn 0.000000 0.000000 1.000000
vn 0.000000 -1.000000 0.000000
vn 0.000000 -1.000000 0.000000
vn 0.000000 1.000000 0.000000
vn 0.000000 1.000000 0.000000
vn -0.255492 0.000000 -0.966811
vn -0.255492 0.000000 -0.966811
vn 0.000000 -0.000000 1.000000
vn 0.000000 0.000000 1.000000
vn 0.000000 -1.000000 0.000000
vn 0.000000 -1.000000 0.000000
vn 0.000000 1.000000 0.000000
vn 0.000000 1.000000 0.000000
vn -0.202808 0.000000 -0.979219
vn -0.202808 0.000000 -0.979219
vn 0.000000 -0.000000 1.000000
vn 0.000000 0.000000 1.000000
vn 0.000000 -1.000000 0.000000
vn 0.000000 -1.000000 0.000000
vn 0.000000 1.000000 0.000000
vn 0.000000 1.000000 0.000000
vn -0.122013 0.000000 -0.992529
vn -0.122013 0.000000 -0.992529
vn 0.000000 -0.000000 1.000000
vn 0.000000 0.000000 1.000000
vn 0.000000 -1.000000 0.000000
vn 0.000000 -1.000000 0.000000
vn 0.000000 1.000000 0.000000
vn 0.000000 1.000000 0.000000
vn -0.068991 0.000000 -0.997617
vn -0.068991 0.000000 -0.997617
vn 0.000000 -0.000000 1.000000
vn 0.000000 0.000000 1.000000
vn 0.000000 -1.000000 0.000000
vn 0.000000 -1.000000 0.000000
vn 0.000000 1.000000 0.000000
vn 0.000000 1.000000 0.000000
vn -0.015230 0.000000 -0.999884
vn -0.015230 0.000000 -0.999884
vn 0.000000 -0.000000 1.000000
vn 0.000000 0.000000 1.000000
vn 0.000000 -1.000000 0.000000
vn -0.000000 -1.000000 0.000000
vn 0.000000 1.000000 0.000000
vn 0.000000 1.000000 0.000000
vn 0.039030 0.000000 -0.999238
vn 0.039030 0.000000 -0.999238
vn 0.000000 -0.000000 1.000000
vn 0.000000 0.000000 1.000000
vn 0.000000 -1.000000 0.000000
vn -0.000000 -1.000000 0.000000
vn 0.000000 1.000000 0.000000
vn 0.000000 1.000000 0.000000
vn 0.093552 0.000000 -0.995614
vn 0.093552 0.000000 -0.995614
vn 0.000000 -0.000000 1.000000
vn 0.000000 0.000000 1.000000
vn 0.000000 -1.000000 0.000000
vn -0.000000 -1.000000 0.000000
vn 0.000000 1.000000 0.000000
vn 0.000000 1.000000 0.000000
vn 0.170233 0.000000 -0.985404
vn 0.170233 0.000000 -0.985404
vn 0.000000 -0.000000 1.000000
vn 0.000000 0.000000 1.000000
vn 0.000000 -1.000000 0.000000
vn -0.000000 -1.000000 0.000000
vn 0.000000 1.000000 0.000000
vn 0.000000 1.000000 0.000000
vn 0.221215 0.000000 -0.975225
vn 0.221215 0.000000 -0.975225
vn 0.000000 -0.000000 1.000000
vn 0.000000 0.000000 1.000000
vn 0.000000 -1.000000 0.000000
vn -0.000000 -1.000000 0.000000
vn 0.000000 1.000000 0.000000
vn 0.000000 1.000000 0.000000
vn 0.252640 0.000000 -0.967560
vn 0.252640 0.000000 -0.967560
vn 0.000000 -0.000000 1.000000
vn 0.000000 0.000000 1.000000
vn 0.000000 -1.000000 0.000000
vn -0.000000 -1.000000 0.000000
vn 0.000000 1.000000 0.000000
vn 0.000000 1.000000 0.000000
vn 0.323296 0.000000 -0.946298
vn 0.323296 0.000000 -0.946298
vn 0.000000 -0.000000 1.000000
vn 0.000000 0.000000 1.000000
vn 0.000000 -1.000000 0.000000
vn -0.000000 -1.000000 0.000000
vn 0.000000 1.000000 0.000000
vn 0.000000 1.000000 0.000000
vn 0.372314 0.000000 -0.928107
vn 0.372314 0.000000 -0.928107
vn 0.000000 -0.000000 1.000000
vn 0.000000 0.000000 1.000000
vn 0.000000 -1.000000 0.000000
vn -0.000000 -1.000000 0.000000
vn 0.000000 1.000000 0.000000
vn 0.000000 1.000000 0.000000
vn 0.420398 0.000000 -0.907340
vn 0.420398 0.000000 -0.907340
vn 0.000000 -0.000000 1.000000
vn 0.000000 0.000000 1.000000
vn 0.000000 -1.000000 0.000000
vn -0.000000 -1.000000 0.000000
vn 0.000000 1.000000 0.000000
vn 0.000000 1.000000 0.000000
vn 0.467425 0.000000 -0.884033
vn 0.467425 0.000000 -0.884033
vn 0.000000 -0.000000 1.000000
vn 0.000000 0.000000 1.000000
vn 0.000000 -1.000000 0.000000
vn -0.000000 -1.000000 0.000000
vn 0.000000 1.000000 0.000000
vn 0.000000 1.000000 0.000000
vn 0.523518 0.000000 -0.852015
vn 0.523518 0.000000 -0.852015
vn 0.000000 -0.000000 1.000000
vn 0.000000 0.000000 1.000000
vn 0.000000 -1.000000 0.000000
vn -0.000000 -1.000000 0.000000
vn 0.000000 1.000000 0.000000
vn 0.000000 1.000000 0.000000
vn 0.556299 0.000000 -0.830982
vn 0.556299 0.000000 -0.830982
vn 0.000000 -0.000000 1.000000
vn 0.000000 0.000000 1.000000
vn 0.000000 -1.000000 0.000000
vn -0.000000 -1.000000 0.000000
vn 0.000000 1.000000 0.000000
vn 0.000000 1.000000 0.000000
vn 0.599550 0.000000 -0.800337
vn 0.599550 0.000000 -0.800337
vn -0.707107 0.000000 0.707107
vn -0.707107 0.000000 0.707107
vn 0.000000 -1.000000 0.000000
vn -0.000000 -1.000000 0.000000
vn 0.000000 1.000000 0.000000
vn 0.000000 1.000000 0.000000
vn 0.641323 0.000000 -0.767271
vn 0.641323 0.000000 -0.767271
vn -1.000000 0.000000 0.000000
vn -1.000000 0.000000 0.000000
vn 0.000000 -1.000000 0.000000
vn -0.000000 -1.000000 0.000000
vn 0.000000 1.000000 0.000000
vn 0.000000 1.000000 0.000000
vn 0.681512 0.000000 -0.731807
vn 0.681512 0.000000 -0.731807
vn -1.000000 0.000000 0.000000
vn -1.000000 0.000000 0.000000
vn 0.000000 -1.000000 0.000000
vn -0.000000 -1.000000 0.000000
vn 0.000000 1.000000 0.000000
vn 0.000000 1.000000 0.000000
vn 0.721910 0.000000 -0.691987
vn 0.721910 0.000000 -0.691987
vn -1.000000 0.000000 0.000000
vn -1.000000 0.000000 0.000000
vn 0.000000 -1.000000 0.000000
vn -0.000000 -1.000000 0.000000
vn 0.000000 1.000000 0.000000
vn 0.000000 1.000000 0.000000
vn 0.755365 0.000000 -0.655304
vn 0.755365 0.000000 -0.655304
vn -1.000000 0.000000 0.000000
vn -1.000000 0.000000 0.000000
vn 0.000000 -1.000000 0.000000
vn -0.000000 -1.000000 0.000000
vn 0.000000 1.000000 0.000000
vn 0.000000 1.000000 0.000000
vn 0.790156 0.000000 -0.612906
vn 0.790156 0.000000 -0.612906
vn -1.000000 0.000000 0.000000
vn -1.000000 0.000000 0.000000
vn 0.000000 -1.000000 0.000000
vn -0.000000 -1.000000 0.000000
vn 0.000000 1.000000 0.000000
vn 0.000000 1.000000 0.000000
vn 0.822861 0.000000 -0.568243
vn 0.822861 0.000000 -0.568243
vn -1.000000 0.000000 0.000000
vn -1.000000 0.000000 0.000000
vn 0.000000 -1.000000 0.000000
vn -0.000000 -1.000000 0.000000
vn 0.000000 1.000000 0.000000
vn 0.000000 1.000000 0.000000
vn 0.853327 0.000000 -0.521376
vn 0.853327 0.000000 -0.521376
vn -1.000000 0.000000 0.000000
vn -1.000000 0.000000 0.000000
vn 0.000000 -1.000000 0.000000
vn -0.000000 -1.000000 0.000000
vn 0.000000 1.000000 0.000000
vn 0.000000 1.000000 0.000000
vn 0.881392 0.000000 -0.472386
vn 0.881392 0.000000 -0.472386
vn -1.000000 0.000000 0.000000
vn -1.000000 0.000000 0.000000
vn 0.000000 -1.000000 0.000000
vn -0.000000 -1.000000 0.000000
vn 0.000000 1.000000 0.000000
vn 0.000000 1.000000 0.000000
vn 0.906885 0.000000 -0.421379
vn 0.906885 0.000000 -0.421379
vn -1.000000 0.000000 0.000000
vn -1.000000 0.000000 0.000000
vn 0.000000 -1.000000 0.000000
vn -0.000000 -1.000000 0.000000
vn 0.000000 1.000000 0.000000
vn 0.000000 1.000000 0.000000
vn 0.929632 0.000000 -0.368490
vn 0.929632 0.000000 -0.368490
vn -1.000000 0.000000 0.000000
vn -1.000000 0.000000 0.000000
vn 0.000000 -1.000000 0.000000
vn -0.000000 -1.000000 0.000000
vn 0.000000 1.000000 0.000000
vn 0.000000 1.000000 0.000000
vn 0.949460 0.000000 -0.313888
vn 0.949460 0.000000 -0.313888
vn -1.000000 0.000000 0.000000
vn -1.000000 0.000000 0.000000
vn 0.000000 -1.000000 0.000000
vn -0.000000 -1.000000 0.000000
vn 0.000000 1.000000 0.000000
vn 0.000000 1.000000 0.000000
vn 0.966205 0.000000 -0.257773
vn 0.966205 0.000000 -0.257773
vn -1.000000 0.000000 0.000000
vn -1.000000 0.000000 0.000000
vn 0.000000 -1.000000 0.000000
vn -0.000000 -1.000000 0.000000
vn 0.000000 1.000000 0.000000
vn 0.000000 1.000000 0.000000
vn 0.983161 0.000000 -0.182741
vn 0.983161 0.000000 -0.182741
vn -1.000000 0.000000 0.000000
vn -1.000000 0.000000 0.000000
vn 0.000000 -1.000000 0.000000
vn -0.000000 -1.000000 0.000000
vn 0.000000 1.000000 0.000000
vn 0.000000 1.000000 0.000000
vn 0.990197 0.000000 -0.139681
vn 0.990197 0.000000 -0.139681
vn -1.000000 0.000000 0.000000
vn -1.000000 0.000000 0.000000
vn 0.000000 -1.000000 0.000000
vn -0.000000 -1.000000 0.000000
vn 0.000000 1.000000 0.000000
vn 0.000000 1.000000 0.000000
vn 0.996751 0.000000 -0.080547
vn 0.996751 0.000000 -0.080547
vn -1.000000 0.000000 0.000000
vn -1.000000 0.000000 0.000000
vn 0.000000 -1.000000 0.000000
vn -0.000000 -1.000000 -0.000000
vn 0.000000 1.000000 0.000000
vn 0.000000 1.000000 0.000000
vn 0.999997 -0.000000 0.002542
vn 0.999997 0.000000 0.002542
vn -1.000000 0.000000 0.000000
vn -1.000000 0.000000 0.000000
vn 0.000000 -1.000000 0.000000
vn -0.000000 -1.000000 -0.000000
vn 0.000000 1.000000 0.000000
vn 0.000000 1.000000 0.000000
vn 0.999167 -0.000000 0.040816
vn 0.999167 0.000000 0.040816
vn -1.000000 0.000000 0.000000
vn -1.000000 0.000000 0.000000
vn 0.000000 -1.000000 0.000000
vn -0.000000 -1.000000 -0.000000
vn 0.000000 1.000000 0.000000
vn 0.000000 1.000000 0.000000
vn 0.994988 -0.000000 0.099997
vn 0.994988 0.000000 0.099997
vn -1.000000 0.000000 0.000000
vn -1.000000 0.000000 0.000000
vn 0.000000 -1.000000 0.000000
vn -0.000000 -1.000000 -0.000000
vn 0.000000 1.000000 0.000000
vn 0.000000 1.000000 0.000000
vn 0.982530 -0.000000 0.186102
vn 0.982530 0.000000 0.186102
vn -1.000000 0.000000 0.000000
vn -1.000000 0.000000 0.000000
vn 0.000000 -1.000000 0.000000
vn -0.000000 -1.000000 -0.000000
vn 0.000000 1.000000 0.000000
vn 0.000000 1.000000 0.000000
vn 0.975922 -0.000000 0.218121
vn 0.975922 0.000000 0.218121
vn -1.000000 0.000000 0.000000
vn -1.000000 0.000000 0.000000
vn 0.000000 -1.000000 0.000000
vn -0.000000 -1.000000 -0.000000
vn 0.000000 1.000000 0.000000
vn 0.000000 1.000000 0.000000
vn 0.961694 -0.000000 0.274125
vn 0.961694 0.000000 0.274125
vn -1.000000 0.000000 0.000000
vn -1.000000 0.000000 0.000000
vn 0.000000 -1.000000 0.000000
vn -0.000000 -1.000000 -0.000000
vn 0.000000 1.000000 0.000000
vn 0.000000 1.000000 0.000000
vn 0.944523 -0.000000 0.328444
vn 0.944523 0.000000 0.328444
vn -1.000000 0.000000 0.000000
vn -1.000000 0.000000 0.000000
vn 0.000000 -1.000000 0.000000
vn -0.000000 -1.000000 -0.000000
vn 0.000000 1.000000 0.000000
vn 0.000000 1.000000 0.000000
vn 0.936729 -0.000000 0.350054
vn 0.936729 0.000000 0.350054
vn -1.000000 0.000000 0.000000
vn -1.000000 0.000000 0.000000
vn 0.000000 -1.000000 0.000000
vn -0.000000 -1.000000 -0.000000
vn 0.000000 1.000000 0.000000
vn 0.000000 1.000000 0.000000
vn 0.903221 -0.000000 0.429175
vn 0.903221 0.000000 0.429175
vn -1.000000 0.000000 0.000000
vn -1.000000 0.000000 0.000000
vn 0.000000 -1.000000 0.000000
vn -0.000000 -1.000000 -0.000000
vn 0.000000 1.000000 0.000000
vn 0.000000 1.000000 0.000000
vn 0.894672 -0.000000 0.446724
vn 0.894672 0.000000 0.446724
vn -1.000000 0.000000 0.000000
vn -1.000000 0.000000 0.000000
vn 0.000000 -1.000000 0.000000
vn -0.000000 -1.000000 -0.000000
vn 0.000000 1.000000 0.000000
vn 0.000000 1.000000 0.000000
vn 0.871150 -0.000000 0.491016
vn 0.871150 0.000000 0.491016
vn -1.000000 0.000000 0.000000
vn -1.000000 0.000000 0.000000
vn 0.000000 -1.000000 0.000000
vn -0.000000 -1.000000 -0.000000
vn 0.000000 1.000000 0.000000
vn 0.000000 1.000000 0.000000
vn 0.865145 -0.000000 0.501521
vn 0.865145 0.000000 0.501521
vn -1.000000 0.000000 0.000000
vn -1.000000 0.000000 0.000000
vn 0.000000 -1.000000 0.000000
vn -0.000000 -1.000000 -0.000000
vn 0.000000 1.000000 0.000000
vn 0.000000 1.000000 0.000000
vn 0.820683 -0.000000 0.571384
vn 0.820683 0.000000 0.571384
vn -1.000000 0.000000 0.000000
vn -1.000000 0.000000 0.000000
vn 0.000000 -1.000000 0.000000
vn -0.000000 -1.000000 -0.000000
vn 0.000000 1.000000 0.000000
vn 0.000000 1.000000 0.000000
vn 0.837901 -0.000000 0.545823
vn 0.837901 0.000000 0.545823
vn -1.000000 0.000000 0.000000
vn -1.000000 0.000000 0.000000
vn 0.000000 -1.000000 0.000000
vn -0.000000 -1.000000 -0.000000
vn 0.000000 1.000000 0.000000
vn 0.000000 1.000000 0.000000
vn 0.790731 -0.000000 0.612163
vn 0.790731 0.000000 0.612163
vn -1.000000 0.000000 0.000000
vn -1.000000 0.000000 0.000000
vn -0.000000 -1.000000 0.000000
vn 0.000000 -1.000000 -0.000000
vn 0.000000 1.000000 0.000000
vn 0.000000 1.000000 0.000000
vn 0.789715 -0.000000 0.613474
vn 0.789715 0.000000 0.613474
vn -1.000000 0.000000 0.000000
vn -1.000000 0.000000 0.000000
vn -0.000000 -1.000000 0.000000
vn 0.000000 -1.000000 -0.000000
vn 0.000000 1.000000 0.000000
vn 0.000000 1.000000 0.000000
vn 0.765238 -0.000000 0.643748
vn 0.765238 0.000000 0.643748
vn -1.000000 0.000000 0.000000
vn -1.000000 0.000000 0.000000
vn 0.000000 -1.000000 0.000000
vn 0.000000 -1.000000 -0.000000
vn 0.000000 1.000000 0.000000
vn 0.000000 1.000000 0.000000
vn 0.768899 -0.000000 0.639370
vn 0.768899 0.000000 0.639370
vn -1.000000 0.000000 0.000000
vn -1.000000 0.000000 0.000000
vn 0.000000 -1.000000 0.000000
vn 0.000000 -1.000000 -0.000000
vn 0.000000 1.000000 0.000000
vn 0.000000 1.000000 0.000000
vn 0.746100 -0.000000 0.665834
vn 0.746100 0.000000 0.665834
vn -1.000000 0.000000 0.000000
vn -1.000000 0.000000 0.000000
vn 0.000000 -1.000000 0.000000
vn 0.000000 -1.000000 -0.000000
vn 0.000000 1.000000 0.000000
vn 0.000000 1.000000 0.000000
vn 0.723376 -0.000000 0.690454
vn 0.723376 0.000000 0.690454
vn -1.000000 0.000000 0.000000
vn -1.000000 0.000000 0.000000
vn 0.000000 -1.000000 0.000000
vn 0.000000 -1.000000 -0.000000
vn 0.000000 1.000000 0.000000
vn 0.000000 1.000000 0.000000
vn 0.733505 -0.000000 0.679684
vn 0.733505 0.000000 0.679684
vn -1.000000 0.000000 0.000000
vn -1.000000 0.000000 0.000000
vn 0.000000 -1.000000 0.000000
vn 0.000000 -1.000000 -0.000000
vn 0.000000 1.000000 0.000000
vn 0.000000 1.000000 0.000000
vn 0.713000 -0.000000 0.701164
vn 0.713000 0.000000 0.701164
vn -1.000000 0.000000 0.000000
vn -1.000000 0.000000 0.000000
vn 0.000000 -1.000000 0.000000
vn 0.000000 -1.000000 -0.000000
vn 0.000000 1.000000 0.000000
vn 0.000000 1.000000 0.000000
vn 0.728394 -0.000000 0.685159
vn 0.728394 0.000000 0.685159
vn -1.000000 0.000000 0.000000
vn -1.000000 0.000000 0.000000
vn 0.000000 -1.000000 0.000000
vn 0.000000 -1.000000 -0.000000
vn 0.000000 1.000000 0.000000
vn 0.000000 1.000000 0.000000
vn 0.673801 -0.000000 0.738913
vn 0.673801 0.000000 0.738913
vn -1.000000 0.000000 0.000000
vn -1.000000 0.000000 0.000000
vn 0.000000 -1.000000 0.000000
vn 0.000000 -1.000000 -0.000000
vn 0.000000 1.000000 0.000000
vn 0.000000 1.000000 0.000000
vn 0.730404 -0.000000 0.683015
vn 0.730404 0.000000 0.683015
vn -1.000000 0.000000 0.000000
vn -1.000000 0.000000 0.000000
vn 0.000000 -1.000000 0.000000
vn 0.000000 -1.000000 -0.000000
vn 0.000000 1.000000 0.000000
vn 0.000000 1.000000 0.000000
vn 0.675493 -0.000000 0.737366
vn 0.675493 0.000000 0.737366
vn -1.000000 0.000000 0.000000
vn -1.000000 0.000000 0.000000
vn 0.000000 -1.000000 0.000000
vn 0.000000 -1.000000 -0.000000
vn 0.000000 1.000000 0.000000
vn 0.000000 1.000000 0.000000
vn 0.659573 -0.000000 0.751641
vn 0.659573 0.000000 0.751641
vn -1.000000 0.000000 0.000000
vn -1.000000 0.000000 0.000000
vn 0.000000 -1.000000 0.000000
vn 0.000000 -1.000000 -0.000000
vn 0.000000 1.000000 0.000000
vn 0.000000 1.000000 0.000000
vn 0.684660 -0.000000 0.728862
vn 0.684660 0.000000 0.728862
vn -1.000000 0.000000 0.000000
vn -1.000000 0.000000 0.000000
vn 0.000000 -1.000000 0.000000
vn 0.000000 -1.000000 -0.000000
vn 0.000000 1.000000 0.000000
vn 0.000000 1.000000 0.000000
vn 0.671021 -0.000000 0.741439
vn 0.671021 0.000000 0.741439
vn -1.000000 0.000000 0.000000
vn -1.000000 0.000000 0.000000
vn 0.000000 -1.000000 0.000000
vn 0.000000 -1.000000 -0.000000
vn 0.000000 1.000000 0.000000
vn 0.000000 1.000000 0.000000
vn 0.658482 -0.000000 0.752597
vn 0.658482 0.000000 0.752597
vn -1.000000 0.000000 0.000000
vn -1.000000 0.000000 0.000000
vn 0.000000 -1.000000 0.000000
vn 0.000000 -1.000000 -0.000000
vn 0.000000 1.000000 0.000000
vn 0.000000 1.000000 0.000000
vn 0.688255 -0.000000 0.725469
vn 0.688255 0.000000 0.725469
vn -1.000000 0.000000 0.000000
vn -1.000000 0.000000 0.000000
vn 0.000000 -1.000000 0.000000
vn 0.000000 -1.000000 -0.000000
vn 0.000000 1.000000 0.000000
vn 0.000000 1.000000 0.000000
vn 0.636173 -0.000000 0.771546
vn 0.636173 0.000000 0.771546
vn -1.000000 0.000000 0.000000
vn -1.000000 0.000000 0.000000
vn 0.000000 -1.000000 0.000000
vn 0.000000 -1.000000 -0.000000
vn 0.000000 1.000000 0.000000
vn 0.000000 1.000000 0.000000
vn 0.668227 -0.000000 0.743957
vn 0.668227 0.000000 0.743957
vn -1.000000 0.000000 0.000000
vn -1.000000 0.000000 0.000000
vn 0.000000 -1.000000 0.000000
vn 0.000000 -1.000000 -0.000000
vn 0.000000 1.000000 0.000000
vn 0.000000 1.000000 0.000000
vn 0.659359 -0.000000 0.751828
vn 0.659359 0.000000 0.751828
vn -1.000000 0.000000 0.000000
vn -1.000000 0.000000 0.000000
vn 0.000000 -1.000000 0.000000
vn 0.000000 -1.000000 -0.000000
vn 0.000000 1.000000 0.000000
vn 0.000000 1.000000 0.000000
vn 0.651689 -0.000000 0.758487
vn 0.651689 0.000000 0.758487
vn -1.000000 0.000000 0.000000
vn -1.000000 0.000000 0.000000
vn 0.000000 -1.000000 0.000000
vn 0.000000 -1.000000 -0.000000
vn 0.000000 1.000000 0.000000
vn 0.000000 1.000000 0.000000
vn 0.645304 -0.000000 0.763926
vn 0.645304 0.000000 0.763926
vn -1.000000 0.000000 0.000000
vn -1.000000 0.000000 0.000000
vn 0.000000 -1.000000 0.000000
vn 0.000000 -1.000000 -0.000000
vn 0.000000 1.000000 0.000000
vn 0.000000 1.000000 0.000000
vn 0.677499 -0.000000 0.735524
vn 0.677499 0.000000 0.735524
vn -1.000000 0.000000 0.000000
vn -1.000000 0.000000 0.000000
vn 0.000000 -1.000000 0.000000
vn 0.000000 -1.000000 -0.000000
vn 0.000000 1.000000 0.000000
vn 0.000000 1.000000 0.000000
vn 0.634395 -0.000000 0.773009
vn 0.634395 0.000000 0.773009
vn -1.000000 0.000000 0.000000
vn -1.000000 0.000000 0.000000
vn 0.000000 -1.000000 0.000000
vn 0.000000 -1.000000 -0.000000
vn 0.000000 1.000000 0.000000
vn 0.000000 1.000000 0.000000
vn 0.666215 -0.000000 0.745760
vn 0.666215 0.000000 0.745760
vn -1.000000 0.000000 0.000000
vn -1.000000 0.000000 0.000000
vn 0.000000 -1.000000 0.000000
vn 0.000000 -1.000000 -0.000000
vn 0.000000 1.000000 0.000000
vn 0.000000 1.000000 0.000000
vn 0.628447 -0.000000 0.777853
vn 0.628447 0.000000 0.777853
vn -1.000000 0.000000 0.000000
vn -1.000000 0.000000 0.000000
vn 0.000000 -1.000000 0.000000
vn 0.000000 -1.000000 -0.000000
vn 0.000000 1.000000 0.000000
vn 0.000000 1.000000 0.000000
vn 0.658937 -0.000000 0.752198
vn 0.658937 0.000000 0.752198
vn -1.000000 0.000000 0.000000
vn -1.000000 0.000000 0.000000
vn 0.000000 -1.000000 0.000000
vn 0.000000 -1.000000 -0.000000
vn 0.000000 1.000000 0.000000
vn 0.000000 1.000000 0.000000
vn 0.655485 -0.000000 0.755208
vn 0.655485 0.000000 0.755208
vn -1.000000 0.000000 0.000000
vn -1.000000 0.000000 0.000000
vn 0.000000 -1.000000 0.000000
vn 0.000000 -1.000000 -0.000000
vn 0.000000 1.000000 0.000000
vn 0.000000 1.000000 0.000000
vn 0.627225 -0.000000 0.778838
vn 0.627225 0.000000 0.778838
vn -1.000000 0.000000 0.000000
vn -1.000000 0.000000 0.000000
vn 0.000000 -1.000000 0.000000
vn 0.000000 -1.000000 -0.000000
vn 0.000000 1.000000 0.000000
vn 0.000000 1.000000 0.000000
vn 0.653763 -0.000000 0.756699
vn 0.653763 0.000000 0.756699
vn -1.000000 0.000000 0.000000
vn -1.000000 0.000000 0.000000
vn 0.000000 -1.000000 0.000000
vn 0.000000 -1.000000 -0.000000
vn 0.000000 1.000000 0.000000
vn 0.000000 1.000000 0.000000
vn 0.652648 -0.000000 0.757661
vn 0.652648 0.000000 0.757661
vn -1.000000 0.000000 0.000000
vn -1.000000 0.000000 0.000000
vn 0.000000 -1.000000 0.000000
vn 0.000000 -1.000000 -0.000000
vn 0.000000 1.000000 0.000000
vn 0.000000 1.000000 0.000000
vn 0.652127 -0.000000 0.758110
vn 0.652127 0.000000 0.758110
vn -1.000000 0.000000 0.000000
vn -1.000000 0.000000 0.000000
vn 0.000000 -1.000000 0.000000
vn 0.000000 -1.000000 -0.000000
vn 0.000000 1.000000 0.000000
vn 0.000000 1.000000 0.000000
vn 0.652107 -0.000000 0.758127
vn 0.652107 0.000000 0.758127
vn -1.000000 0.000000 0.000000
vn -1.000000 0.000000 0.000000
vn 0.000000 -1.000000 0.000000
vn 0.000000 -1.000000 -0.000000
vn 0.000000 1.000000 0.000000
vn 0.000000 1.000000 0.000000
vn 0.652486 -0.000000 0.757801
vn 0.652486 0.000000 0.757801
vn -1.000000 0.000000 0.000000
vn -1.000000 0.000000 0.000000
vn 0.000000 -1.000000 0.000000
vn 0.000000 -1.000000 -0.000000
vn 0.000000 1.000000 0.000000
vn 0.000000 1.000000 0.000000
vn 0.653150 -0.000000 0.757229
vn 0.653150 0.000000 0.757229
vn -0.707107 0.000000 -0.707107
vn -0.707107 0.000000 -0.707107
vn 0.000000 -1.000000 0.000000
vn 0.000000 -1.000000 -0.000000
vn 0.000000 1.000000 0.000000
vn 0.000000 1.000000 0.000000
vn 0.653980 -0.000000 0.756512
vn 0.653980 0.000000 0.756512
vn 0.000000 0.000000 -1.000000
vn 0.000000 0.000000 -1.000000
vn 0.000000 -1.000000 0.000000
vn 0.000000 -1.000000 -0.000000
vn 0.000000 1.000000 0.000000
vn 0.000000 1.000000 0.000000
vn 0.653924 -0.000000 0.756560
vn 0.653924 0.000000 0.756560
vn 0.000000 0.000000 -1.000000
vn 0.000000 0.000000 -1.000000
vn 0.000000 -1.000000 0.000000
vn 0.000000 -1.000000 -0.000000
vn 0.000000 1.000000 0.000000
vn 0.000000 1.000000 0.000000
vn 0.658841 -0.000000 0.752282
vn 0.658841 0.000000 0.752282
vn 0.000000 0.000000 -1.000000
vn 0.000000 0.000000 -1.000000
vn 0.000000 -1.000000 0.000000
vn 0.000000 -1.000000 -0.000000
vn 0.000000 1.000000 0.000000
vn 0.000000 1.000000 0.000000
vn 0.659382 -0.000000 0.751808
vn 0.659382 0.000000 0.751808
vn 0.000000 0.000000 -1.000000
vn 0.000000 0.000000 -1.000000
vn 0.000000 -1.000000 0.000000
vn 0.000000 -1.000000 -0.000000
vn 0.000000 1.000000 0.000000
vn 0.000000 1.000000 0.000000
vn 0.659585 -0.000000 0.751630
vn 0.659585 0.000000 0.751630
vn 0.000000 0.000000 -1.000000
vn 0.000000 0.000000 -1.000000
vn 0.000000 -1.000000 0.000000
vn 0.000000 -1.000000 -0.000000
vn 0.000000 1.000000 0.000000
vn 0.000000 1.000000 0.000000
vn 0.671182 -0.000000 0.741292
vn 0.671182 0.000000 0.741292
vn 0.000000 0.000000 -1.000000
vn 0.000000 0.000000 -1.000000
vn 0.000000 -1.000000 0.000000
vn 0.000000 -1.000000 -0.000000
vn 0.000000 1.000000 0.000000
vn 0.000000 1.000000 0.000000
vn 0.661437 -0.000000 0.750001
vn 0.661437 0.000000 0.750001
vn 0.000000 0.000000 -1.000000
vn 0.000000 0.000000 -1.000000
vn 0.000000 -1.000000 0.000000
vn 0.000000 -1.000000 -0.000000
vn 0.000000 1.000000 0.000000
vn 0.000000 1.000000 0.000000
vn 0.677551 -0.000000 0.735476
vn 0.677551 0.000000 0.735476
vn 0.000000 0.000000 -1.000000
vn 0.000000 0.000000 -1.000000
vn 0.000000 -1.000000 0.000000
vn 0.000000 -1.000000 -0.000000
vn 0.000000 1.000000 0.000000
vn 0.000000 1.000000 0.000000
vn 0.660279 -0.000000 0.751020
vn 0.660279 0.000000 0.751020
vn 0.000000 0.000000 -1.000000
vn 0.000000 0.000000 -1.000000
vn 0.000000 -1.000000 0.000000
vn 0.000000 -1.000000 -0.000000
vn 0.000000 1.000000 0.000000
vn 0.000000 1.000000 0.000000
vn 0.679876 -0.000000 0.733327
vn 0.679876 0.000000 0.733327
vn 0.000000 0.000000 -1.000000
vn 0.000000 0.000000 -1.000000
vn 0.000000 -1.000000 0.000000
vn 0.000000 -1.000000 -0.000000
vn 0.000000 1.000000 0.000000
vn 0.000000 1.000000 0.000000
vn 0.680634 -0.000000 0.732624
vn 0.680634 0.000000 0.732624
vn 0.000000 0.000000 -1.000000
vn 0.000000 0.000000 -1.000000
vn 0.000000 -1.000000 0.000000
vn 0.000000 -1.000000 -0.000000
vn 0.000000 1.000000 0.000000
vn 0.000000 1.000000 0.000000
vn 0.680006 -0.000000 0.733206
vn 0.680006 0.000000 0.733206
vn 0.000000 0.000000 -1.000000
vn 0.000000 0.000000 -1.000000
vn 0.000000 -1.000000 0.000000
vn 0.000000 -1.000000 -0.000000
vn 0.000000 1.000000 0.000000
vn 0.000000 1.000000 0.000000
vn 0.706104 -0.000000 0.708108
vn 0.706104 0.000000 0.708108
vn 0.000000 0.000000 -1.000000
vn 0.000000 0.000000 -1.000000
vn 0.000000 -1.000000 0.000000
vn 0.000000 -1.000000 -0.000000
vn 0.000000 1.000000 0.000000
vn 0.000000 1.000000 0.000000
vn 0.676477 -0.000000 0.736464
vn 0.676477 0.000000 0.736464
vn 0.000000 0.000000 -1.000000
vn 0.000000 0.000000 -1.000000
vn 0.000000 -1.000000 0.000000
vn 0.000000 -1.000000 -0.000000
vn 0.000000 1.000000 0.000000
vn 0.000000 1.000000 0.000000
vn 0.702784 -0.000000 0.711403
vn 0.702784 0.000000 0.711403
vn 0.000000 0.000000 -1.000000
vn 0.000000 0.000000 -1.000000
vn 0.000000 -1.000000 0.000000
vn 0.000000 -1.000000 -0.000000
vn 0.000000 1.000000 0.000000
vn 0.000000 1.000000 0.000000
vn 0.699326 -0.000000 0.714803
vn 0.699326 0.000000 0.714803
vn 0.000000 0.000000 -1.000000
vn 0.000000 0.000000 -1.000000
vn 0.000000 -1.000000 0.000000
vn 0.000000 -1.000000 -0.000000
vn 0.000000 1.000000 0.000000
vn 0.000000 1.000000 0.000000
vn 0.725594 -0.000000 0.688123
vn 0.725594 0.000000 0.688123
vn 0.000000 0.000000 -1.000000
vn 0.000000 0.000000 -1.000000
vn 0.000000 -1.000000 0.000000
vn 0.000000 -1.000000 -0.000000
vn 0.000000 1.000000 0.000000
vn 0.000000 1.000000 0.000000
vn 0.687975 -0.000000 0.725735
vn 0.687975 0.000000 0.725735
vn 0.000000 0.000000 -1.000000
vn 0.000000 0.000000 -1.000000
vn 0.000000 -1.000000 0.000000
vn 0.000000 -1.000000 -0.000000
vn 0.000000 1.000000 0.000000
vn 0.000000 1.000000 0.000000
vn 0.743136 -0.000000 0.669140
vn 0.743136 0.000000 0.669140
vn 0.000000 0.000000 -1.000000
vn 0.000000 0.000000 -1.000000
vn 0.000000 -1.000000 0.000000
vn 0.000000 -1.000000 -0.000000
vn 0.000000 1.000000 0.000000
vn 0.000000 1.000000 0.000000
vn 0.704063 -0.000000 0.710137
vn 0.704063 0.000000 0.710137
vn 0.000000 0.000000 -1.000000
vn 0.000000 0.000000 -1.000000
vn 0.000000 -1.000000 0.000000
vn 0.000000 -1.000000 -0.000000
vn 0.000000 1.000000 0.000000
vn 0.000000 1.000000 0.000000
vn 0.754066 -0.000000 0.656798
vn 0.754066 0.000000 0.656798
vn 0.000000 0.000000 -1.000000
vn 0.000000 0.000000 -1.000000
vn 0.000000 -1.000000 0.000000
vn 0.000000 -1.000000 -0.000000
vn 0.000000 1.000000 0.000000
vn 0.000000 1.000000 0.000000
vn 0.742831 -0.000000 0.669478
vn 0.742831 0.000000 0.669478
vn 0.000000 0.000000 -1.000000
vn 0.000000 0.000000 -1.000000
vn 0.000000 -1.000000 0.000000
vn 0.000000 -1.000000 -0.000000
vn 0.000000 1.000000 0.000000
vn 0.000000 1.000000 0.000000
vn 0.756493 -0.000000 0.654002
vn 0.756493 0.000000 0.654002
vn 0.000000 0.000000 -1.000000
vn 0.000000 0.000000 -1.000000
vn 0.000000 -1.000000 0.000000
vn 0.000000 -1.000000 -0.000000
vn 0.000000 1.000000 0.000000
vn 0.000000 1.000000 0.000000
vn 0.766124 -0.000000 0.642693
vn 0.766124 0.000000 0.642693
vn 0.000000 0.000000 -1.000000
vn 0.000000 0.000000 -1.000000
vn 0.000000 -1.000000 0.000000
vn 0.000000 -1.000000 -0.000000
vn 0.000000 1.000000 0.000000
vn 0.000000 1.000000 0.000000
vn 0.771555 -0.000000 0.636163
vn 0.771555 0.000000 0.636163
vn 0.000000 0.000000 -1.000000
vn 0.000000 0.000000 -1.000000
vn 0.000000 -1.000000 0.000000
vn 0.000000 -1.000000 -0.000000
vn 0.000000 1.000000 0.000000
vn 0.000000 1.000000 0.000000
vn 0.792482 -0.000000 0.609895
vn 0.792482 0.000000 0.609895
vn 0.000000 0.000000 -1.000000
vn 0.000000 0.000000 -1.000000
vn 0.000000 -1.000000 0.000000
vn 0.000000 -1.000000 -0.000000
vn 0.000000 1.000000 0.000000
vn 0.000000 1.000000 0.000000
vn 0.804432 -0.000000 0.594045
vn 0.804432 0.000000 0.594045
vn 0.000000 0.000000 -1.000000
vn 0.000000 0.000000 -1.000000
vn 0.000000 -1.000000 0.000000
vn 0.000000 -1.000000 -0.000000
vn 0.000000 1.000000 0.000000
vn 0.000000 1.000000 0.000000
vn 0.834186 -0.000000 0.551483
vn 0.834186 0.000000 0.551483
vn 0.000000 0.000000 -1.000000
vn 0.000000 0.000000 -1.000000
vn 0.000000 -1.000000 0.000000
vn 0.000000 -1.000000 -0.000000
vn 0.000000 1.000000 0.000000
vn 0.000000 1.000000 0.000000
vn 0.846071 -0.000000 0.533070
vn 0.846071 0.000000 0.533070
vn 0.000000 0.000000 -1.000000
vn 0.000000 0.000000 -1.000000
vn 0.000000 -1.000000 0.000000
vn 0.000000 -1.000000 -0.000000
vn 0.000000 1.000000 0.000000
vn 0.000000 1.000000 0.000000
vn 0.882236 -0.000000 0.470808
vn 0.882236 0.000000 0.470808
vn 0.000000 0.000000 -1.000000
vn 0.000000 0.000000 -1.000000
vn 0.000000 -1.000000 -0.000000
vn 0.000000 -1.000000 0.000000
vn 0.000000 1.000000 0.000000
vn 0.000000 1.000000 0.000000
vn 0.920328 -0.000000 0.391148
vn 0.920328 0.000000 0.391148
vn 0.000000 0.000000 -1.000000
vn 0.000000 0.000000 -1.000000
vn 0.000000 -1.000000 -0.000000
vn 0.000000 -1.000000 0.000000
vn 0.000000 1.000000 0.000000
vn -0.000000 1.000000 0.000000
vn -0.000000 0.000000 1.000000
vn -0.000000 0.000000 1.000000
vn 0.000000 0.000000 -1.000000
vn 0.000000 0.000000 -1.000000
vn 0.000000 -1.000000 0.000000
vn 0.000000 -1.000000 0.000000
vn 0.000000 1.000000 0.000000
vn -0.000000 1.000000 0.000000
vn -0.920328 0.000000 0.391148
vn -0.920328 0.000000 0.391148
vn 0.000000 0.000000 -1.000000
vn 0.000000 0.000000 -1.000000
vn 0.000000 -1.000000 0.000000
vn 0.000000 -1.000000 0.000000
vn 0.000000 1.000000 0.000000
vn -0.000000 1.000000 0.000000
vn -0.882236 0.000000 0.470808
vn -0.882236 0.000000 0.470808
vn 0.000000 0.000000 -1.000000
vn 0.000000 0.000000 -1.000000
vn 0.000000 -1.000000 0.000000
vn 0.000000 -1.000000 0.000000
vn 0.000000 1.000000 0.000000
vn -0.000000 1.000000 0.000000
vn -0.846071 0.000000 0.533070
vn -0.846071 0.000000 0.533070
vn 0.000000 0.000000 -1.000000
vn 0.000000 0.000000 -1.000000
vn 0.000000 -1.000000 0.000000
vn 0.000000 -1.000000 0.000000
vn 0.000000 1.000000 0.000000
vn -0.000000 1.000000 0.000000
vn -0.834186 0.000000 0.551483
vn -0.834186 0.000000 0.551483
vn 0.000000 0.000000 -1.000000
vn 0.000000 0.000000 -1.000000
vn 0.000000 -1.000000 0.000000
vn 0.000000 -1.000000 0.000000
vn 0.000000 1.000000 0.000000
vn -0.000000 1.000000 0.000000
vn -0.804432 0.000000 0.594045
vn -0.804432 0.000000 0.594045
vn 0.000000 0.000000 -1.000000
vn 0.000000 0.000000 -1.000000
vn 0.000000 -1.000000 0.000000
vn 0.000000 -1.000000 0.000000
vn 0.000000 1.000000 0.000000
vn -0.000000 1.000000 0.000000
vn -0.792482 0.000000 0.609895
vn -0.792482 0.000000 0.609895
vn 0.000000 0.000000 -1.000000
vn 0.000000 0.000000 -1.000000
vn 0.000000 -1.000000 0.000000
vn 0.000000 -1.000000 0.000000
vn 0.000000 1.000000 0.000000
vn -0.000000 1.000000 0.000000
vn -0.771555 0.000000 0.636163
vn -0.771555 0.000000 0.636163
vn 0.000000 0.000000 -1.000000
vn 0.000000 0.000000 -1.000000
vn 0.000000 -1.000000 0.000000
vn 0.000000 -1.000000 0.000000
vn 0.000000 1.000000 0.000000
vn -0.000000 1.000000 0.000000
vn -0.766124 0.000000 0.642693
vn -0.766124 0.000000 0.642693
vn 0.000000 0.000000 -1.000000
vn 0.000000 0.000000 -1.000000
vn 0.000000 -1.000000 0.000000
vn 0.000000 -1.000000 0.000000
vn 0.000000 1.000000 0.000000
vn -0.000000 1.000000 0.000000
vn -0.756493 0.000000 0.654002
vn -0.756493 0.000000 0.654002
vn 0.000000 0.000000 -1.000000
vn 0.000000 0.000000 -1.000000
vn 0.000000 -1.000000 0.000000
vn 0.000000 -1.000000 0.000000
vn 0.000000 1.000000 0.000000
vn -0.000000 1.000000 0.000000
vn -0.742831 0.000000 0.669478
vn -0.742831 0.000000 0.669478
vn 0.000000 0.000000 -1.000000
vn 0.000000 0.000000 -1.000000
vn 0.000000 -1.000000 0.000000
vn 0.000000 -1.000000 0.000000
vn 0.000000 1.000000 0.000000
vn -0.000000 1.000000 0.000000
vn -0.754066 0.000000 0.656798
vn -0.754066 0.000000 0.656798
vn 0.000000 0.000000 -1.000000
vn 0.000000 0.000000 -1.000000
vn 0.000000 -1.000000 0.000000
vn 0.000000 -1.000000 0.000000
vn 0.000000 1.000000 0.000000
vn -0.000000 1.000000 0.000000
vn -0.704063 0.000000 0.710137
vn -0.704063 0.000000 0.710137
vn 0.000000 0.000000 -1.000000
vn 0.000000 0.000000 -1.000000
vn 0.000000 -1.000000 0.000000
vn 0.000000 -1.000000 0.000000
vn 0.000000 1.000000 0.000000
vn -0.000000 1.000000 0.000000
vn -0.743136 0.000000 0.669140
vn -0.743136 0.000000 0.669140
vn 0.000000 0.000000 -1.000000
vn 0.000000 0.000000 -1.000000
vn 0.000000 -1.000000 0.000000
vn 0.000000 -1.000000 0.000000
vn 0.000000 1.000000 0.000000
vn -0.000000 1.000000 0.000000
vn -0.687975 0.000000 0.725735
vn -0.687975 0.000000 0.725735
vn 0.000000 0.000000 -1.000000
vn 0.000000 0.000000 -1.000000
vn 0.000000 -1.000000 0.000000
vn 0.000000 -1.000000 0.000000
vn 0.000000 1.000000 0.000000
vn -0.000000 1.000000 0.000000
vn -0.725594 0.000000 0.688123
vn -0.725594 0.000000 0.688123
vn 0.000000 0.000000 -1.000000
vn 0.000000 0.000000 -1.000000
vn 0.000000 -1.000000 0.000000
vn 0.000000 -1.000000 0.000000
vn 0.000000 1.000000 0.000000
vn -0.000000 1.000000 0.000000
vn -0.699326 0.000000 0.714803
vn -0.699326 0.000000 0.714803
vn 0.000000 0.000000 -1.000000
vn 0.000000 0.000000 -1.000000
vn 0.000000 -1.000000 0.000000
vn 0.000000 -1.000000 0.000000
vn 0.000000 1.000000 0.000000
vn -0.000000 1.000000 0.000000
vn -0.702784 0.000000 0.711403
vn -0.702784 0.000000 0.711403
vn 0.000000 0.000000 -1.000000
vn 0.000000 0.000000 -1.000000
vn 0.000000 -1.000000 0.000000
vn 0.000000 -1.000000 0.000000
vn 0.000000 1.000000 0.000000
vn -0.000000 1.000000 0.000000
vn -0.676477 0.000000 0.736464
vn -0.676477 0.000000 0.736464
vn 0.000000 0.000000 -1.000000
vn 0.000000 0.000000 -1.000000
vn 0.000000 -1.000000 0.000000
vn 0.000000 -1.000000 0.000000
vn 0.000000 1.000000 0.000000
vn -0.000000 1.000000 0.000000
vn -0.706104 0.000000 0.708108
vn -0.706104 0.000000 0.708108
vn 0.000000 0.000000 -1.000000
vn 0.000000 0.000000 -1.000000
vn 0.000000 -1.000000 0.000000
vn 0.000000 -1.000000 0.000000
vn 0.000000 1.000000 0.000000
vn -0.000000 1.000000 0.000000
vn -0.680006 0.000000 0.733206
vn -0.680006 0.000000 0.733206
vn 0.000000 0.000000 -1.000000
vn 0.000000 0.000000 -1.000000
vn 0.000000 -1.000000 0.000000
vn 0.000000 -1.000000 0.000000
vn 0.000000 1.000000 0.000000
vn -0.000000 1.000000 0.000000
vn -0.680634 0.000000 0.732624
vn -0.680634 0.000000 0.732624
vn 0.000000 0.000000 -1.000000
vn 0.000000 0.000000 -1.000000
vn 0.000000 -1.000000 0.000000
vn 0.000000 -1.000000 0.000000
vn 0.000000 1.000000 0.000000
vn -0.000000 1.000000 0.000000
vn -0.679876 0.000000 0.733327
vn -0.679876 0.000000 0.733327
vn 0.000000 0.000000 -1.000000
vn 0.000000 0.000000 -1.000000
vn 0.000000 -1.000000 0.000000
vn 0.000000 -1.000000 0.000000
vn 0.000000 1.000000 0.000000
vn -0.000000 1.000000 0.000000
vn -0.660279 0.000000 0.751020
vn -0.660279 0.000000 0.751020
vn 0.000000 0.000000 -1.000000
vn 0.000000 0.000000 -1.000000
vn 0.000000 -1.000000 0.000000
vn 0.000000 -1.000000 0.000000
vn 0.000000 1.000000 0.000000
vn -0.000000 1.000000 0.000000
vn -0.677551 0.000000 0.735476
vn -0.677551 0.000000 0.735476
vn 0.000000 0.000000 -1.000000
vn 0.000000 0.000000 -1.000000
vn 0.000000 -1.000000 0.000000
vn 0.000000 -1.000000 0.000000
vn 0.000000 1.000000 0.000000
vn -0.000000 1.000000 0.000000
vn -0.661437 0.000000 0.750001
vn -0.661437 0.000000 0.750001
vn 0.000000 0.000000 -1.000000
vn 0.000000 0.000000 -1.000000
vn 0.000000 -1.000000 0.000000
vn 0.000000 -1.000000 0.000000
vn 0.000000 1.000000 0.000000
vn -0.000000 1.000000 0.000000
vn -0.671182 0.000000 0.741292
vn -0.671182 0.000000 0.741292
vn 0.000000 0.000000 -1.000000
vn 0.000000 0.000000 -1.000000
vn 0.000000 -1.000000 0.000000
vn 0.000000 -1.000000 0.000000
vn 0.000000 1.000000 0.000000
vn -0.000000 1.000000 0.000000
vn -0.659585 0.000000 0.751630
vn -0.659585 0.000000 0.751630
vn 0.000000 0.000000 -1.000000
vn 0.000000 0.000000 -1.000000
vn 0.000000 -1.000000 0.000000
vn 0.000000 -1.000000 0.000000
vn 0.000000 1.000000 0.000000
vn -0.000000 1.000000 0.000000
vn -0.659382 0.000000 0.751808
vn -0.659382 0.000000 0.751808
vn 0.000000 0.000000 -1.000000
vn 0.000000 0.000000 -1.000000
vn 0.000000 -1.000000 0.000000
vn 0.000000 -1.000000 0.000000
vn 0.000000 1.000000 0.000000
vn -0.000000 1.000000 0.000000
vn -0.658841 0.000000 0.752282
vn -0.658841 0.000000 0.752282
vn 0.000000 0.000000 -1.000000
vn 0.000000 0.000000 -1.000000
vn 0.000000 -1.000000 0.000000
vn 0.000000 -1.000000 0.000000
vn 0.000000 1.000000 0.000000
vn -0.000000 1.000000 0.000000
vn -0.653924 0.000000 0.756560
vn -0.653924 0.000000 0.756560
vn 0.000000 0.000000 -1.000000
vn 0.000000 0.000000 -1.000000
vn 0.000000 -1.000000 0.000000
vn 0.000000 -1.000000 0.000000
vn 0.000000 1.000000 0.000000
vn -0.000000 1.000000 0.000000
vn -0.653980 0.000000 0.756512
vn -0.653980 0.000000 0.756512
vn 0.000000 0.000000 -1.000000
vn 0.000000 0.000000 -1.000000
vn 0.000000 -1.000000 0.000000
vn 0.000000 -1.000000 0.000000
vn 0.000000 1.000000 0.000000
vn -0.000000 1.000000 0.000000
vn -0.653150 0.000000 0.757229
vn -0.653150 0.000000 0.757229
vn 0.707107 0.000000 -0.707107
vn 0.707107 0.000000 -0.707107
vn 0.000000 -1.000000 0.000000
vn 0.000000 -1.000000 0.000000
vn 0.000000 1.000000 0.000000
vn -0.000000 1.000000 0.000000
vn -0.652486 0.000000 0.757801
vn -0.652486 0.000000 0.757801
vn 1.000000 0.000000 0.000000
vn 1.000000 0.000000 0.000000
vn 0.000000 -1.000000 0.000000
vn 0.000000 -1.000000 0.000000
vn 0.000000 1.000000 0.000000
vn -0.000000 1.000000 0.000000
vn -0.652107 0.000000 0.758127
vn -0.652107 0.000000 0.758127
vn 1.000000 0.000000 0.000000
vn 1.000000 0.000000 0.000000
vn 0.000000 -1.000000 0.000000
vn 0.000000 -1.000000 0.000000
vn 0.000000 1.000000 0.000000
vn -0.000000 1.000000 0.000000
vn -0.652127 0.000000 0.758110
vn -0.652127 0.000000 0.758110
vn 1.000000 0.000000 0.000000
vn 1.000000 0.000000 0.000000
vn 0.000000 -1.000000 0.000000
vn 0.000000 -1.000000 0.000000
vn 0.000000 1.000000 0.000000
vn -0.000000 1.000000 0.000000
vn -0.652648 0.000000 0.757661
vn -0.652648 0.000000 0.757661
vn 1.000000 0.000000 0.000000
vn 1.000000 0.000000 0.000000
vn 0.000000 -1.000000 0.000000
vn 0.000000 -1.000000 0.000000
vn 0.000000 1.000000 0.000000
vn -0.000000 1.000000 0.000000
vn -0.653763 0.000000 0.756699
vn -0.653763 0.000000 0.756699
vn 1.000000 0.000000 0.000000
vn 1.000000 0.000000 0.000000
vn 0.000000 -1.000000 0.000000
vn 0.000000 -1.000000 0.000000
vn 0.000000 1.000000 0.000000
vn -0.000000 1.000000 0.000000
vn -0.627225 0.000000 0.778838
vn -0.627225 0.000000 0.778838
vn 1.000000 0.000000 0.000000
vn 1.000000 0.000000 0.000000
vn 0.000000 -1.000000 0.000000
vn 0.000000 -1.000000 0.000000
vn 0.000000 1.000000 0.000000
vn -0.000000 1.000000 0.000000
vn -0.655485 0.000000 0.755208
vn -0.655485 0.000000 0.755208
vn 1.000000 0.000000 0.000000
vn 1.000000 0.000000 0.000000
vn 0.000000 -1.000000 0.000000
vn 0.000000 -1.000000 0.000000
vn 0.000000 1.000000 0.000000
vn -0.000000 1.000000 0.000000
vn -0.658937 0.000000 0.752198
vn -0.658937 0.000000 0.752198
vn 1.000000 0.000000 0.000000
vn 1.000000 0.000000 0.000000
vn 0.000000 -1.000000 0.000000
vn 0.000000 -1.000000 0.000000
vn 0.000000 1.000000 0.000000
vn -0.000000 1.000000 0.000000
vn -0.628447 0.000000 0.777853
vn -0.628447 0.000000 0.777853
vn 1.000000 0.000000 0.000000
vn 1.000000 0.000000 0.000000
vn 0.000000 -1.000000 0.000000
vn 0.000000 -1.000000 0.000000
vn 0.000000 1.000000 0.000000
vn -0.000000 1.000000 0.000000
vn -0.666215 0.000000 0.745760
vn -0.666215 0.000000 0.745760
vn 1.000000 0.000000 0.000000
vn 1.000000 0.000000 0.000000
vn 0.000000 -1.000000 0.000000
vn 0.000000 -1.000000 0.000000
vn 0.000000 1.000000 0.000000
vn -0.000000 1.000000 0.000000
vn -0.634395 0.000000 0.773009
vn -0.634395 0.000000 0.773009
vn 1.000000 0.000000 0.000000
vn 1.000000 0.000000 0.000000
vn 0.000000 -1.000000 0.000000
vn 0.000000 -1.000000 0.000000
vn 0.000000 1.000000 0.000000
vn -0.000000 1.000000 0.000000
vn -0.677499 0.000000 0.735524
vn -0.677499 0.000000 0.735524
vn 1.000000 0.000000 0.000000
vn 1.000000 0.000000 0.000000
vn 0.000000 -1.000000 0.000000
vn 0.000000 -1.000000 0.000000
vn 0.000000 1.000000 0.000000
vn -0.000000 1.000000 0.000000
vn -0.645304 0.000000 0.763926
vn -0.645304 0.000000 0.763926
vn 1.000000 0.000000 0.000000
vn 1.000000 0.000000 0.000000
vn 0.000000 -1.000000 0.000000
vn 0.000000 -1.000000 0.000000
vn 0.000000 1.000000 0.000000
vn -0.000000 1.000000 0.000000
vn -0.651689 0.000000 0.758487
vn -0.651689 0.000000 0.758487
vn 1.000000 0.000000 0.000000
vn 1.000000 0.000000 0.000000
vn 0.000000 -1.000000 0.000000
vn 0.000000 -1.000000 0.000000
vn 0.000000 1.000000 0.000000
vn -0.000000 1.000000 0.000000
vn -0.659359 0.000000 0.751828
vn -0.659359 0.000000 0.751828
vn 1.000000 0.000000 0.000000
vn 1.000000 0.000000 0.000000
vn 0.000000 -1.000000 0.000000
vn 0.000000 -1.000000 0.000000
vn 0.000000 1.000000 0.000000
vn -0.000000 1.000000 0.000000
vn -0.668227 0.000000 0.743957
vn -0.668227 0.000000 0.743957
vn 1.000000 0.000000 0.000000
vn 1.000000 0.000000 0.000000
vn 0.000000 -1.000000 0.000000
vn 0.000000 -1.000000 0.000000
vn 0.000000 1.000000 0.000000
vn -0.000000 1.000000 0.000000
vn -0.636173 0.000000 0.771546
vn -0.636173 0.000000 0.771546
vn 1.000000 0.000000 0.000000
vn 1.000000 0.000000 0.000000
vn 0.000000 -1.000000 0.000000
vn 0.000000 -1.000000 0.000000
vn 0.000000 1.000000 0.000000
vn -0.000000 1.000000 0.000000
vn -0.688255 0.000000 0.725469
vn -0.688255 0.000000 0.725469
vn 1.000000 0.000000 0.000000
vn 1.000000 0.000000 0.000000
vn 0.000000 -1.000000 0.000000
vn 0.000000 -1.000000 0.000000
vn 0.000000 1.000000 0.000000
vn -0.000000 1.000000 0.000000
vn -0.658482 0.000000 0.752597
vn -0.658482 0.000000 0.752597
vn 1.000000 0.000000 0.000000
vn 1.000000 0.000000 0.000000
vn 0.000000 -1.000000 0.000000
vn 0.000000 -1.000000 0.000000
vn 0.000000 1.000000 0.000000
vn -0.000000 1.000000 0.000000
vn -0.671021 0.000000 0.741439
vn -0.671021 0.000000 0.741439
vn 1.000000 0.000000 0.000000
vn 1.000000 0.000000 0.000000
vn 0.000000 -1.000000 0.000000
vn 0.000000 -1.000000 0.000000
vn 0.000000 1.000000 0.000000
vn -0.000000 1.000000 0.000000
vn -0.684660 0.000000 0.728862
vn -0.684660 0.000000 0.728862
vn 1.000000 0.000000 0.000000
vn 1.000000 0.000000 0.000000
vn 0.000000 -1.000000 0.000000
vn 0.000000 -1.000000 0.000000
vn 0.000000 1.000000 0.000000
vn -0.000000 1.000000 0.000000
vn -0.659573 0.000000 0.751641
vn -0.659573 0.000000 0.751641
vn 1.000000 0.000000 0.000000
vn 1.000000 0.000000 0.000000
vn 0.000000 -1.000000 0.000000
vn 0.000000 -1.000000 0.000000
vn 0.000000 1.000000 0.000000
vn -0.000000 1.000000 0.000000
vn -0.675493 0.000000 0.737366
vn -0.675493 0.000000 0.737366
vn 1.000000 0.000000 0.000000
vn 1.000000 0.000000 0.000000
vn 0.000000 -1.000000 0.000000
vn 0.000000 -1.000000 0.000000
vn 0.000000 1.000000 0.000000
vn -0.000000 1.000000 0.000000
vn -0.730404 0.000000 0.683015
vn -0.730404 0.000000 0.683015
vn 1.000000 0.000000 0.000000
vn 1.000000 0.000000 0.000000
vn 0.000000 -1.000000 0.000000
vn 0.000000 -1.000000 0.000000
vn 0.000000 1.000000 0.000000
vn -0.000000 1.000000 0.000000
vn -0.673801 0.000000 0.738913
vn -0.673801 0.000000 0.738913
vn 1.000000 0.000000 0.000000
vn 1.000000 0.000000 0.000000
vn 0.000000 -1.000000 0.000000
vn 0.000000 -1.000000 0.000000
vn 0.000000 1.000000 0.000000
vn -0.000000 1.000000 0.000000
vn -0.728394 0.000000 0.685159
vn -0.728394 0.000000 0.685159
vn 1.000000 0.000000 0.000000
vn 1.000000 0.000000 0.000000
vn 0.000000 -1.000000 0.000000
vn 0.000000 -1.000000 0.000000
vn 0.000000 1.000000 0.000000
vn -0.000000 1.000000 0.000000
vn -0.713000 0.000000 0.701164
vn -0.713000 0.000000 0.701164
vn 1.000000 0.000000 0.000000
vn 1.000000 0.000000 0.000000
vn 0.000000 -1.000000 0.000000
vn 0.000000 -1.000000 0.000000
vn 0.000000 1.000000 0.000000
vn -0.000000 1.000000 0.000000
vn -0.733505 0.000000 0.679684
vn -0.733505 0.000000 0.679684
vn 1.000000 0.000000 0.000000
vn 1.000000 0.000000 0.000000
vn 0.000000 -1.000000 0.000000
vn 0.000000 -1.000000 0.000000
vn 0.000000 1.000000 0.000000
vn -0.000000 1.000000 0.000000
vn -0.723376 0.000000 0.690454
vn -0.723376 0.000000 0.690454
vn 1.000000 0.000000 0.000000
vn 1.000000 0.000000 0.000000
vn 0.000000 -1.000000 0.000000
vn 0.000000 -1.000000 0.000000
vn 0.000000 1.000000 0.000000
vn -0.000000 1.000000 0.000000
vn -0.746100 0.000000 0.665834
vn -0.746100 0.000000 0.665834
vn 1.000000 0.000000 0.000000
vn 1.000000 0.000000 0.000000
vn 0.000000 -1.000000 0.000000
vn 0.000000 -1.000000 0.000000
vn -0.000000 1.000000 0.000000
vn 0.000000 1.000000 0.000000
vn -0.768899 0.000000 0.639370
vn -0.768899 0.000000 0.639370
vn 1.000000 0.000000 0.000000
vn 1.000000 0.000000 0.000000
vn 0.000000 -1.000000 0.000000
vn 0.000000 -1.000000 0.000000
vn -0.000000 1.000000 0.000000
vn 0.000000 1.000000 0.000000
vn -0.765238 0.000000 0.643748
vn -0.765238 0.000000 0.643748
vn 1.000000 0.000000 0.000000
vn 1.000000 0.000000 0.000000
f 1//1 3//1 7//1
f 1//2 7//2 5//2
f 2//3 8//3 4//3
f 2//4 6//4 8//4
f 1//5 6//5 2//5
f 1//6 5//6 6//6
f 3//7 4//7 8//7
f 3//8 8//8 7//8
f 5//9 7//9 11//9
f 5//10 11//10 9//10
f 6//11 12//11 8//11
f 6//12 10//12 12//12
f 5//13 10//13 6//13
f 5//14 9//14 10//14
f 7//15 8//15 12//15
f 7//16 12//16 11//16
f 9//17 11//17 15//17
f 9//18 15//18 13//18
f 10//19 16//19 12//19
f 10//20 14//20 16//20
f 9//21 14//21 10//21
f 9//22 13//22 14//22
f 11//23 12//23 16//23
f 11//24 16//24 15//24
f 13//25 15//25 19//25
f 13//26 19//26 17//26
f 14//27 20//27 16//27
f 14//28 18//28 20//28
f 13//29 18//29 14//29
f 13//30 17//30 18//30
f 15//31 16//31 20//31
f 15//32 20//32 19//32
f 17//33 19//33 23//33
f 17//34 23//34 21//34
f 18//35 24//35 20//35
f 18//36 22//36 24//36
f 17//37 22//37 18//37
f 17//38 21//38 22//38
f 19//39 20//39 24//39
f 19//40 24//40 23//40
f 21//41 23//41 27//41
f 21//42 27//42 25//42
f 22//43 28//43 24//43
f 22//44 26//44 28//44
f 21//45 26//45 22//45
f 21//46 25//46 26//46
f 23//47 24//47 28//47
f 23//48 28//48 27//48
f 25//49 27//49 31//49
f 25//50 31//50 29//50
f 26//51 32//51 28//51
f 26//52 30//52 32//52
f 25//53 30//53 26//53
f 25//54 29//54 30//54
f 27//55 28//55 32//55
f 27//56 32//56 31//56
f 29//57 31//57 35//57
f 29//58 35//58 33//58
f 30//59 36//59 32//59
f 30//60 34//60 36//60
f 29//61 34//61 30//61
f 29//62 33//62 34//62
f 31//63 32//63 36//63
f 31//64 36//64 35//64
f 33//65 35//65 39//65
f 33//66 39//66 37//66
f 34//67 40//67 36//67
f 34//68 38//68 40//68
f 33//69 38//69 34//69
f 33//70 37//70 38//70
f 35//71 36//71 40//71
f 35//72 40//72 39//72
f 37//73 39//73 43//73
f 37//74 43//74 41//74
f 38//75 44//75 40//75
f 38//76 42//76 44//76
f 37//77 42//77 38//77
f 37//78 41//78 42//78
f 39//79 40//79 44//79
f 39//80 44//80 43//80
f 41//81 43//81 47//81
f 41//82 47//82 45//82
f 42//83 48//83 44//83
f 42//84 46//84 48//84
f 41//85 46//85 42//85
f 41//86 45//86 46//86
f 43//87 44//87 48//87
f 43//88 48//88 47//88
f 45//89 47//89 51//89
f 45//90 51//90 49//90
f 46//91 52//91 48//91
f 46//92 50//92 52//92
f 45//93 50//93 46//93
f 45//94 49//94 50//94
f 47//95 48//95 52//95
f 47//96 52//96 51//96
f 49//97 51//97 55//97
f 49//98 55//98 53//98
f 50//99 56//99 52//99
f 50//100 54//100 56//100
f 49//101 54//101 50//101
f 49//102 53//102 54//102
f 51//103 52//103 56//103
f 51//104 56//104 55//104
f 53//105 55//105 59//105
f 53//106 59//106 57//106
f 54//107 60//107 56//107
f 54//108 58//108 60//108
f 53//109 58//109 54//109
f 53//110 57//110 58//110
f 55//111 56//111 60//111
f 55//112 60//112 59//112
f 57//113 59//113 63//113
f 57//114 63//114 61//114
f 58//115 64//115 60//115
f 58//116 62//116 64//116
f 57//117 62//117 58//117
f 57//118 61//118 62//118
f 59//119 60//119 64//119
f 59//120 64//120 63//120
f 61//121 63//121 67//121
f 61//122 67//122 65//122
f 62//123 68//123 64//123
f 62//124 66//124 68//124
f 61//125 66//125 62//125
f 61//126 65//126 66//126
f 63//127 64//127 68//127
f 63//128 68//128 67//128
f 65//129 67//129 71//129
f 65//130 71//130 69//130
f 66//131 72//131 68//131
f 66//132 70//132 72//132
f 65//133 70//133 66//133
f 65//134 69//134 70//134
f 67//135 68//135 72//135
f 67//136 72//136 71//136
f 69//137 71//137 75//137
f 69//138 75//138 73//138
f 70//139 76//139 72//139
f 70//140 74//140 76//140
f 69//141 74//141 70//141
f 69//142 73//142 74//142
f 71//143 72//143 76//143
f 71//144 76//144 75//144
f 73//145 75//145 79//145
f 73//146 79//146 77//146
f 74//147 80//147 76//147
f 74//148 78//148 80//148
f 73//149 78//149 74//149
f 73//150 77//150 78//150
f 75//151 76//151 80//151
f 75//152 80//152 79//152
f 77//153 79//153 83//153
f 77//154 83//154 81//154
f 78//155 84//155 80//155
f 78//156 82//156 84//156
f 77//157 82//157 78//157
f 77//158 81//158 82//158
f 79//159 80//159 84//159
f 79//160 84//160 83//160
f 81//161 83//161 87//161
f 81//162 87//162 85//162
f 82//163 88//163 84//163
f 82//164 86//164 88//164
f 81//165 86//165 82//165
f 81//166 85//166 86//166
f 83//167 84//167 88//167
f 83//168 88//168 87//168
f 85//169 87//169 91//169
f 85//170 91//170 89//170
f 86//171 92//171 88//171
f 86//172 90//172 92//172
f 85//173 90//173 86//173
f 85//174 89//174 90//174
f 87//175 88//175 92//175
f 87//176 92//176 91//176
f 89//177 91//177 95//177
f 89//178 95//178 93//178
f 90//179 96//179 92//179
f 90//180 94//180 96//180
f 89//181 94//181 90//181
f 89//182 93//182 94//182
f 91//183 92//183 96//183
f 91//184 96//184 95//184
f 93//185 95//185 99//185
f 93//186 99//186 97//186
f 94//187 100//187 96//187
f 94//188 98//188 100//188
f 93//189 98//189 94//189
f 93//190 97//190 98//190
f 95//191 96//191 100//191
f 95//192 100//192 99//192
f 97//193 99//193 103//193
f 97//194 103//194 101//194
f 98//195 104//195 100//195
f 98//196 102//196 104//196
f 97//197 102//197 98//197
f 97//198 101//198 102//198
f 99//199 100//199 104//199
f 99//200 104//200 103//200
f 101//201 103//201 107//201
f 101//202 107//202 105//202
f 102//203 108//203 104//203
f 102//204 106//204 108//204
f 101//205 106//205 102//205
f 101//206 105//206 106//206
f 103//207 104//207 108//207
f 103//208 108//208 107//208
f 105//209 107//209 111//209
f 105//210 111//210 109//210
f 106//211 112//211 108//211
f 106//212 110//212 112//212
f 105//213 110//213 106//213
f 105//214 109//214 110//214
f 107//215 108//215 112//215
f 107//216 112//216 111//216
f 109//217 111//217 115//217
f 109//218 115//218 113//218
f 110//219 116//219 112//219
f 110//220 114//220 116//220
f 109//221 114//221 110//221
f 109//222 113//222 114//222
f 111//223 112//223 116//223
f 111//224 116//224 115//224
f 113//225 115//225 119//225
f 113//226 119//226 117//226
f 114//227 120//227 116//227
f 114//228 118//228 120//228
f 113//229 118//229 114//229
f 113//230 117//230 118//230
f 115//231 116//231 120//231
f 115//232 120//232 119//232
f 117//233 119//233 123//233
f 117//234 123//234 121//234
f 118//235 124//235 120//235
f 118//236 122//236 124//236
f 117//237 122//237 118//237
f 117//238 121//238 122//238
f 119//239 120//239 124//239
f 119//240 124//240 123//240
f 121//241 123//241 127//241
f 121//242 127//242 125//242
f 122//243 128//243 124//243
f 122//244 126//244 128//244
f 121//245 126//245 122//245
f 121//246 125//246 126//246
f 123//247 124//247 128//247
f 123//248 128//248 127//248
f 125//249 127//249 131//249
f 125//250 131//250 129//250
f 126//251 132//251 128//251
f 126//252 130//252 132//252
f 125//253 130//253 126//253
f 125//254 129//254 130//254
f 127//255 128//255 132//255
f 127//256 132//256 131//256
f 129//257 131//257 135//257
f 129//258 135//258 133//258
f 130//259 136//259 132//259
f 130//260 134//260 136//260
f 129//261 134//261 130//261
f 129//262 133//262 134//262
f 131//263 132//263 136//263
f 131//264 136//264 135//264
f 133//265 135//265 139//265
f 133//266 139//266 137//266
f 134//267 140//267 136//267
f 134//268 138//268 140//268
f 133//269 138//269 134//269
f 133//270 137//270 138//270
f 135//271 136//271 140//271
f 135//272 140//272 139//272
f 137//273 139//273 143//273
f 137//274 143//274 141//274
f 138//275 144//275 140//275
f 138//276 142//276 144//276
f 137//277 142//277 138//277
f 137//278 141//278 142//278
f 139//279 140//279 144//279
f 139//280 144//280 143//280
f 141//281 143//281 147//281
f 141//282 147//282 145//282
f 142//283 148//283 144//283
f 142//284 146//284 148//284
f 141//285 146//285 142//285
f 141//286 145//286 146//286
f 143//287 144//287 148//287
f 143//288 148//288 147//288
f 145//289 147//289 151//289
f 145//290 151//290 149//290
f 146//291 152//291 148//291
f 146//292 150//292 152//292
f 145//293 150//293 146//293
f 145//294 149//294 150//294
f 147//295 148//295 152//295
f 147//296 152//296 151//296
f 149//297 151//297 155//297
f 149//298 155//298 153//298
f 150//299 156//299 152//299
f 150//300 154//300 156//300
f 149//301 154//301 150//301
f 149//302 153//302 154//302
f 151//303 152//303 156//303
f 151//304 156//304 155//304
f 153//305 155//305 159//305
f 153//306 159//306 157//306
f 154//307 160//307 156//307
f 154//308 158//308 160//308
f 153//309 158//309 154//309
f 153//310 157//310 158//310
f 155//311 156//311 160//311
f 155//312 160//312 159//312
f 157//313 159//313 163//313
f 157//314 163//314 161//314
f 158//315 164//315 160//315
f 158//316 162//316 164//316
f 157//317 162//317 158//317
f 157//318 161//318 162//318
f 159//319 160//319 164//319
f 159//320 164//320 163//320
f 161//321 163//321 167//321
f 161//322 167//322 165//322
f 162//323 168//323 164//323
f 162//324 166//324 168//324
f 161//325 166//325 162//325
f 161//326 165//326 166//326
f 163//327 164//327 168//327
f 163//328 168//328 167//328
f 165//329 167//329 171//329
f 165//330 171//330 169//330
f 166//331 172//331 168//331
f 166//332 170//332 172//332
f 165//333 170//333 166//333
f 165//334 169//334 170//334
f 167//335 168//335 172//335
f 167//336 172//336 171//336
f 169//337 171//337 175//337
f 169//338 175//338 173//338
f 170//339 176//339 172//339
f 170//340 174//340 176//340
f 169//341 174//341 170//341
f 169//342 173//342 174//342
f 171//343 172//343 176//343
f 171//344 176//344 175//344
f 173//345 175//345 179//345
f 173//346 179//346 177//346
f 174//347 180//347 176//347
f 174//348 178//348 180//348
f 173//349 178//349 174//349
f 173//350 177//350 178//350
f 175//351 176//351 180//351
f 175//352 180//352 179//352
f 177//353 179//353 183//353
f 177//354 183//354 181//354
f 178//355 184//355 180//355
f 178//356 182//356 184//356
f 177//357 182//357 178//357
f 177//358 181//358 182//358
f 179//359 180//359 184//359
f 179//360 184//360 183//360
f 181//361 183//361 187//361
f 181//362 187//362 185//362
f 182//363 188//363 184//363
f 182//364 186//364 188//364
f 181//365 186//365 182//365
f 181//366 185//366 186//366
f 183//367 184//367 188//367
f 183//368 188//368 187//368
f 185//369 187//369 191//369
f 185//370 191//370 189//370
f 186//371 192//371 188//371
f 186//372 190//372 192//372
f 185//373 190//373 186//373
f 185//374 189//374 190//374
f 187//375 188//375 192//375
f 187//376 192//376 191//376
f 189//377 191//377 195//377
f 189//378 195//378 193//378
f 190//379 196//379 192//379
f 190//380 194//380 196//380
f 189//381 194//381 190//381
f 189//382 193//382 194//382
f 191//383 192//383 196//383
f 191//384 196//384 195//384
f 193//385 195//385 199//385
f 193//386 199//386 197//386
f 194//387 200//387 196//387
f 194//388 198//388 200//388
f 193//389 198//389 194//389
f 193//390 197//390 198//390
f 195//391 196//391 200//391
f 195//392 200//392 199//392
f 197//393 199//393 203//393
f 197//394 203//394 201//394
f 198//395 204//395 200//395
f 198//396 202//396 204//396
f 197//397 202//397 198//397
f 197//398 201//398 202//398
f 199//399 200//399 204//399
f 199//400 204//400 203//400
f 201//401 203//401 207//401
f 201//402 207//402 205//402
f 202//403 208//403 204//403
f 202//404 206//404 208//404
f 201//405 206//405 202//405
f 201//406 205//406 206//406
f 203//407 204//407 208//407
f 203//408 208//408 207//408
f 205//409 207//409 211//409
f 205//410 211//410 209//410
f 206//411 212//411 208//411
f 206//412 210//412 212//412
f 205//413 210//413 206//413
f 205//414 209//414 210//414
f 207//415 208//415 212//415
f 207//416 212//416 211//416
f 209//417 211//417 215//417
f 209//418 215//418 213//418
f 210//419 216//419 212//419
f 210//420 214//420 216//420
f 209//421 214//421 210//421
f 209//422 213//422 214//422
f 211//423 212//423 216//423
f 211//424 216//424 215//424
f 213//425 215//425 219//425
f 213//426 219//426 217//426
f 214//427 220//427 216//427
f 214//428 218//428 220//428
f 213//429 218//429 214//429
f 213//430 217//430 218//430
f 215//431 216//431 220//431
f 215//432 220//432 219//432
f 217//433 219//433 223//433
f 217//434 223//434 221//434
f 218//435 224//435 220//435
f 218//436 222//436 224//436
f 217//437 222//437 218//437
f 217//438 221//438 222//438
f 219//439 220//439 224//439
f 219//440 224//440 223//440
f 221//441 223//441 227//441
f 221//442 227//442 225//442
f 222//443 228//443 224//443
f 222//444 226//444 228//444
f 221//445 226//445 222//445
f 221//446 225//446 226//446
f 223//447 224//447 228//447
f 223//448 228//448 227//448
f 225//449 227//449 231//449
f 225//450 231//450 229//450
f 226//451 232//451 228//451
f 226//452 230//452 232//452
f 225//453 230//453 226//453
f 225//454 229//454 230//454
f 227//455 228//455 232//455
f 227//456 232//456 231//456
f 229//457 231//457 235//457
f 229//458 235//458 233//458
f 230//459 236//459 232//459
f 230//460 234//460 236//460
f 229//461 234//461 230//461
f 229//462 233//462 234//462
f 231//463 232//463 236//463
f 231//464 236//464 235//464
f 233//465 235//465 239//465
f 233//466 239//466 237//466
f 234//467 240//467 236//467
f 234//468 238//468 240//468
f 233//469 238//469 234//469
f 233//470 237//470 238//470
f 235//471 236//471 240//471
f 235//472 240//472 239//472
f 237//473 239//473 243//473
f 237//474 243//474 241//474
f 238//475 244//475 240//475
f 238//476 242//476 244//476
f 237//477 242//477 238//477
f 237//478 241//478 242//478
f 239//479 240//479 244//479
f 239//480 244//480 243//480
f 241//481 243//481 247//481
f 241//482 247//482 245//482
f 242//483 248//483 244//483
f 242//484 246//484 248//484
f 241//485 246//485 242//485
f 241//486 245//486 246//486
f 243//487 244//487 248//487
f 243//488 248//488 247//488
f 245//489 247//489 251//489
f 245//490 251//490 249//490
f 246//491 252//491 248//491
f 246//492 250//492 252//492
f 245//493 250//493 246//493
f 245//494 249//494 250//494
f 247//495 248//495 252//495
f 247//496 252//496 251//496
f 249//497 251//497 255//497
f 249//498 255//498 253//498
f 250//499 256//499 252//499
f 250//500 254//500 256//500
f 249//501 254//501 250//501
f 249//502 253//502 254//502
f 251//503 252//503 256//503
f 251//504 256//504 255//504
f 253//505 255//505 259//505
f 253//506 259//506 257//506
f 254//507 260//507 256//507
f 254//508 258//508 260//508
f 253//509 258//509 254//509
f 253//510 257//510 258//510
f 255//511 256//511 260//511
f 255//512 260//512 259//512
f 257//513 259//513 263//513
f 257//514 263//514 261//514
f 258//515 264//515 260//515
f 258//516 262//516 264//516
f 257//517 262//517 258//517
f 257//518 261//518 262//518
f 259//519 260//519 264//519
f 259//520 264//520 263//520
f 261//521 263//521 267//521
f 261//522 267//522 265//522
f 262//523 268//523 264//523
f 262//524 266//524 268//524
f 261//525 266//525 262//525
f 261//526 265//526 266//526
f 263//527 264//527 268//527
f 263//528 268//528 267//528
f 265//529 267//529 271//529
f 265//530 271//530 269//530
f 266//531 272//531 268//531
f 266//532 270//532 272//532
f 265//533 270//533 266//533
f 265//534 269//534 270//534
f 267//535 268//535 272//535
f 267//536 272//536 271//536
f 269//537 271//537 275//537
f 269//538 275//538 273//538
f 270//539 276//539 272//539
f 270//540 274//540 276//540
f 269//541 274//541 270//541
f 269//542 273//542 274//542
f 271//543 272//543 276//543
f 271//544 276//544 275//544
f 273//545 275//545 279//545
f 273//546 279//546 277//546
f 274//547 280//547 276//547
f 274//548 278//548 280//548
f 273//549 278//549 274//549
f 273//550 277//550 278//550
f 275//551 276//551 280//551
f 275//552 280//552 279//552
f 277//553 279//553 283//553
f 277//554 283//554 281//554
f 278//555 284//555 280//555
f 278//556 282//556 284//556
f 277//557 282//557 278//557
f 277//558 281//558 282//558
f 279//559 280//559 284//559
f 279//560 284//560 283//560
f 281//561 283//561 287//561
f 281//562 287//562 285//562
f 282//563 288//563 284//563
f 282//564 286//564 288//564
f 281//565 286//565 282//565
f 281//566 285//566 286//566
f 283//567 284//567 288//567
f 283//568 288//568 287//568
f 285//569 287//569 291//569
f 285//570 291//570 289//570
f 286//571 292//571 288//571
f 286//572 290//572 292//572
f 285//573 290//573 286//573
f 285//574 289//574 290//574
f 287//575 288//575 292//575
f 287//576 292//576 291//576
f 289//577 291//577 295//577
f 289//578 295//578 293//578
f 290//579 296//579 292//579
f 290//580 294//580 296//580
f 289//581 294//581 290//581
f 289//582 293//582 294//582
f 291//583 292//583 296//583
f 291//584 296//584 295//584
f 293//585 295//585 299//585
f 293//586 299//586 297//586
f 294//587 300//587 296//587
f 294//588 298//588 300//588
f 293//589 298//589 294//589
f 293//590 297//590 298//590
f 295//591 296//591 300//591
f 295//592 300//592 299//592
f 297//593 299//593 303//593
f 297//594 303//594 301//594
f 298//595 304//595 300//595
f 298//596 302//596 304//596
f 297//597 302//597 298//597
f 297//598 301//598 302//598
f 299//599 300//599 304//599
f 299//600 304//600 303//600
f 301//601 303//601 307//601
f 301//602 307//602 305//602
f 302//603 308//603 304//603
f 302//604 306//604 308//604
f 301//605 306//605 302//605
f 301//606 305//606 306//606
f 303//607 304//607 308//607
f 303//608 308//608 307//608
f 305//609 307//609 311//609
f 305//610 311//610 309//610
f 306//611 312//611 308//611
f 306//612 310//612 312//612
f 305//613 310//613 306//613
f 305//614 309//614 310//614
f 307//615 308//615 312//615
f 307//616 312//616 311//616
f 309//617 311//617 315//617
f 309//618 315//618 313//618
f 310//619 316//619 312//619
f 310//620 314//620 316//620
f 309//621 314//621 310//621
f 309//622 313//622 314//622
f 311//623 312//623 316//623
f 311//624 316//624 315//624
f 313//625 315//625 319//625
f 313//626 319//626 317//626
f 314//627 320//627 316//627
f 314//628 318//628 320//628
f 313//629 318//629 314//629
f 313//630 317//630 318//630
f 315//631 316//631 320//631
f 315//632 320//632 319//632
f 317//633 319//633 323//633
f 317//634 323//634 321//634
f 318//635 324//635 320//635
f 318//636 322//636 324//636
f 317//637 322//637 318//637
f 317//638 321//638 322//638
f 319//639 320//639 324//639
f 319//640 324//640 323//640
f 321//641 323//641 327//641
f 321//642 327//642 325//642
f 322//643 328//643 324//643
f 322//644 326//644 328//644
f 321//645 326//645 322//645
f 321//646 325//646 326//646
f 323//647 324//647 328//647
f 323//648 328//648 327//648
f 325//649 327//649 331//649
f 325//650 331//650 329//650
f 326//651 332//651 328//651
f 326//652 330//652 332//652
f 325//653 330//653 326//653
f 325//654 329//654 330//654
f 327//655 328//655 332//655
f 327//656 332//656 331//656
f 329//657 331//657 335//657
f 329//658 335//658 333//658
f 330//659 336//659 332//659
f 330//660 334//660 336//660
f 329//661 334//661 330//661
f 329//662 333//662 334//662
f 331//663 332//663 336//663
f 331//664 336//664 335//664
f 333//665 335//665 339//665
f 333//666 339//666 337//666
f 334//667 340//667 336//667
f 334//668 338//668 340//668
f 333//669 338//669 334//669
f 333//670 337//670 338//670
f 335//671 336//671 340//671
f 335//672 340//672 339//672
f 337//673 339//673 343//673
f 337//674 343//674 341//674
f 338//675 344//675 340//675
f 338//676 342//676 344//676
f 337//677 342//677 338//677
f 337//678 341//678 342//678
f 339//679 340//679 344//679
f 339//680 344//680 343//680
f 341//681 343//681 347//681
f 341//682 347//682 345//682
f 342//683 348//683 344//683
f 342//684 346//684 348//684
f 341//685 346//685 342//685
f 341//686 345//686 346//686
f 343//687 344//687 348//687
f 343//688 348//688 347//688
f 345//689 347//689 351//689
f 345//690 351//690 349//690
f 346//691 352//691 348//691
f 346//692 350//692 352//692
f 345//693 350//693 346//693
f 345//694 349//694 350//694
f 347//695 348//695 352//695
f 347//696 352//696 351//696
f 349//697 351//697 355//697
f 349//698 355//698 353//698
f 350//699 356//699 352//699
f 350//700 354//700 356//700
f 349//701 354//701 350//701
f 349//702 353//702 354//702
f 351//703 352//703 356//703
f 351//704 356//704 355//704
f 353//705 355//705 359//705
f 353//706 359//706 357//706
f 354//707 360//707 356//707
f 354//708 358//708 360//708
f 353//709 358//709 354//709
f 353//710 357//710 358//710
f 355//711 356//711 360//711
f 355//712 360//712 359//712
f 357//713 359//713 363//713
f 357//714 363//714 361//714
f 358//715 364//715 360//715
f 358//716 362//716 364//716
f 357//717 362//717 358//717
f 357//718 361//718 362//718
f 359//719 360//719 364//719
f 359//720 364//720 363//720
f 361//721 363//721 367//721
f 361//722 367//722 365//722
f 362//723 368//723 364//723
f 362//724 366//724 368//724
f 361//725 366//725 362//725
f 361//726 365//726 366//726
f 363//727 364//727 368//727
f 363//728 368//728 367//728
f 365//729 367//729 371//729
f 365//730 371//730 369//730
f 366//731 372//731 368//731
f 366//732 370//732 372//732
f 365//733 370//733 366//733
f 365//734 369//734 370//734
f 367//735 368//735 372//735
f 367//736 372//736 371//736
f 369//737 371//737 375//737
f 369//738 375//738 373//738
f 370//739 376//739 372//739
f 370//740 374//740 376//740
f 369//741 374//741 370//741
f 369//742 373//742 374//742
f 371//743 372//743 376//743
f 371//744 376//744 375//744
f 373//745 375//745 379//745
f 373//746 379//746 377//746
f 374//747 380//747 376//747
f 374//748 378//748 380//748
f 373//749 378//749 374//749
f 373//750 377//750 378//750
f 375//751 376//751 380//751
f 375//752 380//752 379//752
f 377//753 379//753 383//753
f 377//754 383//754 381//754
f 378//755 384//755 380//755
f 378//756 382//756 384//756
f 377//757 382//757 378//757
f 377//758 381//758 382//758
f 379//759 380//759 384//759
f 379//760 384//760 383//760
f 381//761 383//761 387//761
f 381//762 387//762 385//762
f 382//763 388//763 384//763
f 382//764 386//764 388//764
f 381//765 386//765 382//765
f 381//766 385//766 386//766
f 383//767 384//767 388//767
f 383//768 388//768 387//768
f 385//769 387//769 391//769
f 385//770 391//770 389//770
f 386//771 392//771 388//771
f 386//772 390//772 392//772
f 385//773 390//773 386//773
f 385//774 389//774 390//774
f 387//775 388//775 392//775
f 387//776 392//776 391//776
f 389//777 391//777 395//777
f 389//778 395//778 393//778
f 390//779 396//779 392//779
f 390//780 394//780 396//780
f 389//781 394//781 390//781
f 389//782 393//782 394//782
f 391//783 392//783 396//783
f 391//784 396//784 395//784
f 393//785 395//785 399//785
f 393//786 399//786 397//786
f 394//787 400//787 396//787
f 394//788 398//788 400//788
f 393//789 398//789 394//789
f 393//790 397//790 398//790
f 395//791 396//791 400//791
f 395//792 400//792 399//792
f 397//793 399//793 403//793
f 397//794 403//794 401//794
f 398//795 404//795 400//795
f 398//796 402//796 404//796
f 397//797 402//797 398//797
f 397//798 401//798 402//798
f 399//799 400//799 404//799
f 399//800 404//800 403//800
f 401//801 403//801 407//801
f 401//802 407//802 405//802
f 402//803 408//803 404//803
f 402//804 406//804 408//804
f 401//805 406//805 402//805
f 401//806 405//806 406//806
f 403//807 404//807 408//807
f 403//808 408//808 407//808
f 405//809 407//809 411//809
f 405//810 411//810 409//810
f 406//811 412//811 408//811
f 406//812 410//812 412//812
f 405//813 410//813 406//813
f 405//814 409//814 410//814
f 407//815 408//815 412//815
f 407//816 412//816 411//816
f 409//817 411//817 415//817
f 409//818 415//818 413//818
f 410//819 416//819 412//819
f 410//820 414//820 416//820
f 409//821 414//821 410//821
f 409//822 413//822 414//822
f 411//823 412//823 416//823
f 411//824 416//824 415//824
f 413//825 415//825 419//825
f 413//826 419//826 417//826
f 414//827 420//827 416//827
f 414//828 418//828 420//828
f 413//829 418//829 414//829
f 413//830 417//830 418//830
f 415//831 416//831 420//831
f 415//832 420//832 419//832
f 417//833 419//833 423//833
f 417//834 423//834 421//834
f 418//835 424//835 420//835
f 418//836 422//836 424//836
f 417//837 422//837 418//837
f 417//838 421//838 422//838
f 419//839 420//839 424//839
f 419//840 424//840 423//840
f 421//841 423//841 427//841
f 421//842 427//842 425//842
f 422//843 428//843 424//843
f 422//844 426//844 428//844
f 421//845 426//845 422//845
f 421//846 425//846 426//846
f 423//847 424//847 428//847
f 423//848 428//848 427//848
f 425//849 427//849 431//849
f 425//850 431//850 429//850
f 426//851 432//851 428//851
f 426//852 430//852 432//852
f 425//853 430//853 426//853
f 425//854 429//854 430//854
f 427//855 428//855 432//855
f 427//856 432//856 431//856
f 429//857 431//857 435//857
f 429//858 435//858 433//858
f 430//859 436//859 432//859
f 430//860 434//860 436//860
f 429//861 434//861 430//861
f 429//862 433//862 434//862
f 431//863 432//863 436//863
f 431//864 436//864 435//864
f 433//865 435//865 439//865
f 433//866 439//866 437//866
f 434//867 440//867 436//867
f 434//868 438//868 440//868
f 433//869 438//869 434//869
f 433//870 437//870 438//870
f 435//871 436//871 440//871
f 435//872 440//872 439//872
f 437//873 439//873 443//873
f 437//874 443//874 441//874
f 438//875 444//875 440//875
f 438//876 442//876 444//876
f 437//877 442//877 438//877
f 437//878 441//878 442//878
f 439//879 440//879 444//879
f 439//880 444//880 443//880
f 441//881 443//881 447//881
f 441//882 447//882 445//882
f 442//883 448//883 444//883
f 442//884 446//884 448//884
f 441//885 446//885 442//885
f 441//886 445//886 446//886
f 443//887 444//887 448//887
f 443//888 448//888 447//888
f 445//889 447//889 451//889
f 445//890 451//890 449//890
f 446//891 452//891 448//891
f 446//892 450//892 452//892
f 445//893 450//893 446//893
f 445//894 449//894 450//894
f 447//895 448//895 452//895
f 447//896 452//896 451//896
f 449//897 451//897 455//897
f 449//898 455//898 453//898
f 450//899 456//899 452//899
f 450//900 454//900 456//900
f 449//901 454//901 450//901
f 449//902 453//902 454//902
f 451//903 452//903 456//903
f 451//904 456//904 455//904
f 453//905 455//905 459//905
f 453//906 459//906 457//906
f 454//907 460//907 456//907
f 454//908 458//908 460//908
f 453//909 458//909 454//909
f 453//910 457//910 458//910
f 455//911 456//911 460//911
f 455//912 460//912 459//912
f 457//913 459//913 463//913
f 457//914 463//914 461//914
f 458//915 464//915 460//915
f 458//916 462//916 464//916
f 457//917 462//917 458//917
f 457//918 461//918 462//918
f 459//919 460//919 464//919
f 459//920 464//920 463//920
f 461//921 463//921 467//921
f 461//922 467//922 465//922
f 462//923 468//923 464//923
f 462//924 466//924 468//924
f 461//925 466//925 462//925
f 461//926 465//926 466//926
f 463//927 464//927 468//927
f 463//928 468//928 467//928
f 465//929 467//929 471//929
f 465//930 471//930 469//930
f 466//931 472//931 468//931
f 466//932 470//932 472//932
f 465//933 470//933 466//933
f 465//934 469//934 470//934
f 467//935 468//935 472//935
f 467//936 472//936 471//936
f 469//937 471//937 475//937
f 469//938 475//938 473//938
f 470//939 476//939 472//939
f 470//940 474//940 476//940
f 469//941 474//941 470//941
f 469//942 473//942 474//942
f 471//943 472//943 476//943
f 471//944 476//944 475//944
f 473//945 475//945 479//945
f 473//946 479//946 477//946
f 474//947 480//947 476//947
f 474//948 478//948 480//948
f 473//949 478//949 474//949
f 473//950 477//950 478//950
f 475//951 476//951 480//951
f 475//952 480//952 479//952
f 477//953 479//953 483//953
f 477//954 483//954 481//954
f 478//955 484//955 480//955
f 478//956 482//956 484//956
f 477//957 482//957 478//957
f 477//958 481//958 482//958
f 479//959 480//959 484//959
f 479//960 484//960 483//960
f 481//961 483//961 487//961
f 481//962 487//962 485//962
f 482//963 488//963 484//963
f 482//964 486//964 488//964
f 481//965 486//965 482//965
f 481//966 485//966 486//966
f 483//967 484//967 488//967
f 483//968 488//968 487//968
f 485//969 487//969 491//969
f 485//970 491//970 489//970
f 486//971 492//971 488//971
f 486//972 490//972 492//972
f 485//973 490//973 486//973
f 485//974 489//974 490//974
f 487//975 488//975 492//975
f 487//976 492//976 491//976
f 489//977 491//977 495//977
f 489//978 495//978 493//978
f 490//979 496//979 492//979
f 490//980 494//980 496//980
f 489//981 494//981 490//981
f 489//982 493//982 494//982
f 491//983 492//983 496//983
f 491//984 496//984 495//984
f 493//985 495//985 499//985
f 493//986 499//986 497//986
f 494//987 500//987 496//987
f 494//988 498//988 500//988
f 493//989 498//989 494//989
f 493//990 497//990 498//990
f 495//991 496//991 500//991
f 495//992 500//992 499//992
f 497//993 499//993 503//993
f 497//994 503//994 501//994
f 498//995 504//995 500//995
f 498//996 502//996 504//996
f 497//997 502//997 498//997
f 497//998 501//998 502//998
f 499//999 500//999 504//999
f 499//1000 504//1000 503//1000
f 501//1001 503//1001 507//1001
f 501//1002 507//1002 505//1002
f 502//1003 508//1003 504//1003
f 502//1004 506//1004 508//1004
f 501//1005 506//1005 502//1005
f 501//1006 505//1006 506//1006
f 503//1007 504//1007 508//1007
f 503//1008 508//1008 507//1008
f 505//1009 507//1009 511//1009
f 505//1010 511//1010 509//1010
f 506//1011 512//1011 508//1011
f 506//1012 510//1012 512//1012
f 505//1013 510//1013 506//1013
f 505//1014 509//1014 510//1014
f 507//1015 508//1015 512//1015
f 507//1016 512//1016 511//1016
f 509//1017 511//1017 515//1017
f 509//1018 515//1018 513//1018
f 510//1019 516//1019 512//1019
f 510//1020 514//1020 516//1020
f 509//1021 514//1021 510//1021
f 509//1022 513//1022 514//1022
f 511//1023 512//1023 516//1023
f 511//1024 516//1024 515//1024
f 513//1025 515//1025 519//1025
f 513//1026 519//1026 517//1026
f 514//1027 520//1027 516//1027
f 514//1028 518//1028 520//1028
f 513//1029 518//1029 514//1029
f 513//1030 517//1030 518//1030
f 515//1031 516//1031 520//1031
f 515//1032 520//1032 519//1032
f 517//1033 519//1033 523//1033
f 517//1034 523//1034 521//1034
f 518//1035 524//1035 520//1035
f 518//1036 522//1036 524//1036
f 517//1037 522//1037 518//1037
f 517//1038 521//1038 522//1038
f 519//1039 520//1039 524//1039
f 519//1040 524//1040 523//1040
f 521//1041 523//1041 527//1041
f 521//1042 527//1042 525//1042
f 522//1043 528//1043 524//1043
f 522//1044 526//1044 528//1044
f 521//1045 526//1045 522//1045
f 521//1046 525//1046 526//1046
f 523//1047 524//1047 528//1047
f 523//1048 528//1048 527//1048
f 525//1049 527//1049 531//1049
f 525//1050 531//1050 529//1050
f 526//1051 532//1051 528//1051
f 526//1052 530//1052 532//1052
f 525//1053 530//1053 526//1053
f 525//1054 529//1054 530//1054
f 527//1055 528//1055 532//1055
f 527//1056 532//1056 531//1056
f 529//1057 531//1057 535//1057
f 529//1058 535//1058 533//1058
f 530//1059 536//1059 532//1059
f 530//1060 534//1060 536//1060
f 529//1061 534//1061 530//1061
f 529//1062 533//1062 534//1062
f 531//1063 532//1063 536//1063
f 531//1064 536//1064 535//1064
f 533//1065 535//1065 539//1065
f 533//1066 539//1066 537//1066
f 534//1067 540//1067 536//1067
f 534//1068 538//1068 540//1068
f 533//1069 538//1069 534//1069
f 533//1070 537//1070 538//1070
f 535//1071 536//1071 540//1071
f 535//1072 540//1072 539//1072
f 537//1073 539//1073 543//1073
f 537//1074 543//1074 541//1074
f 538//1075 544//1075 540//1075
f 538//1076 542//1076 544//1076
f 537//1077 542//1077 538//1077
f 537//1078 541//1078 542//1078
f 539//1079 540//1079 544//1079
f 539//1080 544//1080 543//1080
f 541//1081 543//1081 547//1081
f 541//1082 547//1082 545//1082
f 542//1083 548//1083 544//1083
f 542//1084 546//1084 548//1084
f 541//1085 546//1085 542//1085
f 541//1086 545//1086 546//1086
f 543//1087 544//1087 548//1087
f 543//1088 548//1088 547//1088
f 545//1089 547//1089 551//1089
f 545//1090 551//1090 549//1090
f 546//1091 552//1091 548//1091
f 546//1092 550//1092 552//1092
f 545//1093 550//1093 546//1093
f 545//1094 549//1094 550//1094
f 547//1095 548//1095 552//1095
f 547//1096 552//1096 551//1096
f 549//1097 551//1097 555//1097
f 549//1098 555//1098 553//1098
f 550//1099 556//1099 552//1099
f 550//1100 554//1100 556//1100
f 549//1101 554//1101 550//1101
f 549//1102 553//1102 554//1102
f 551//1103 552//1103 556//1103
f 551//1104 556//1104 555//1104
f 553//1105 555//1105 559//1105
f 553//1106 559//1106 557//1106
f 554//1107 560//1107 556//1107
f 554//1108 558//1108 560//1108
f 553//1109 558//1109 554//1109
f 553//1110 557//1110 558//1110
f 555//1111 556//1111 560//1111
f 555//1112 560//1112 559//1112
f 557//1113 559//1113 563//1113
f 557//1114 563//1114 561//1114
f 558//1115 564//1115 560//1115
f 558//1116 562//1116 564//1116
f 557//1117 562//1117 558//1117
f 557//1118 561//1118 562//1118
f 559//1119 560//1119 564//1119
f 559//1120 564//1120 563//1120
f 561//1121 563//1121 567//1121
f 561//1122 567//1122 565//1122
f 562//1123 568//1123 564//1123
f 562//1124 566//1124 568//1124
f 561//1125 566//1125 562//1125
f 561//1126 565//1126 566//1126
f 563//1127 564//1127 568//1127
f 563//1128 568//1128 567//1128
f 565//1129 567//1129 571//1129
f 565//1130 571//1130 569//1130
f 566//1131 572//1131 568//1131
f 566//1132 570//1132 572//1132
f 565//1133 570//1133 566//1133
f 565//1134 569//1134 570//1134
f 567//1135 568//1135 572//1135
f 567//1136 572//1136 571//1136
f 569//1137 571//1137 575//1137
f 569//1138 575//1138 573//1138
f 570//1139 576//1139 572//1139
f 570//1140 574//1140 576//1140
f 569//1141 574//1141 570//1141
f 569//1142 573//1142 574//1142
f 571//1143 572//1143 576//1143
f 571//1144 576//1144 575//1144
f 573//1145 575//1145 579//1145
f 573//1146 579//1146 577//1146
f 574//1147 580//1147 576//1147
f 574//1148 578//1148 580//1148
f 573//1149 578//1149 574//1149
f 573//1150 577//1150 578//1150
f 575//1151 576//1151 580//1151
f 575//1152 580//1152 579//1152
f 577//1153 579//1153 583//1153
f 577//1154 583//1154 581//1154
f 578//1155 584//1155 580//1155
f 578//1156 582//1156 584//1156
f 577//1157 582//1157 578//1157
f 577//1158 581//1158 582//1158
f 579//1159 580//1159 584//1159
f 579//1160 584//1160 583//1160
f 581//1161 583//1161 587//1161
f 581//1162 587//1162 585//1162
f 582//1163 588//1163 584//1163
f 582//1164 586//1164 588//1164
f 581//1165 586//1165 582//1165
f 581//1166 585//1166 586//1166
f 583//1167 584//1167 588//1167
f 583//1168 588//1168 587//1168
f 585//1169 587//1169 591//1169
f 585//1170 591//1170 589//1170
f 586//1171 592//1171 588//1171
f 586//1172 590//1172 592//1172
f 585//1173 590//1173 586//1173
f 585//1174 589//1174 590//1174
f 587//1175 588//1175 592//1175
f 587//1176 592//1176 591//1176
f 589//1177 591//1177 595//1177
f 589//1178 595//1178 593//1178
f 590//1179 596//1179 592//1179
f 590//1180 594//1180 596//1180
f 589//1181 594//1181 590//1181
f 589//1182 593//1182 594//1182
f 591//1183 592//1183 596//1183
f 591//1184 596//1184 595//1184
f 593//1185 595//1185 599//1185
f 593//1186 599//1186 597//1186
f 594//1187 600//1187 596//1187
f 594//1188 598//1188 600//1188
f 593//1189 598//1189 594//1189
f 593//1190 597//1190 598//1190
f 595//1191 596//1191 600//1191
f 595//1192 600//1192 599//1192
f 597//1193 599//1193 603//1193
f 597//1194 603//1194 601//1194
f 598//1195 604//1195 600//1195
f 598//1196 602//1196 604//1196
f 597//1197 602//1197 598//1197
f 597//1198 601//1198 602//1198
f 599//1199 600//1199 604//1199
f 599//1200 604//1200 603//1200
f 601//1201 603//1201 607//1201
f 601//1202 607//1202 605//1202
f 602//1203 608//1203 604//1203
f 602//1204 606//1204 608//1204
f 601//1205 606//1205 602//1205
f 601//1206 605//1206 606//1206
f 603//1207 604//1207 608//1207
f 603//1208 608//1208 607//1208
f 605//1209 607//1209 611//1209
f 605//1210 611//1210 609//1210
f 606//1211 612//1211 608//1211
f 606//1212 610//1212 612//1212
f 605//1213 610//1213 606//1213
f 605//1214 609//1214 610//1214
f 607//1215 608//1215 612//1215
f 607//1216 612//1216 611//1216
f 609//1217 611//1217 615//1217
f 609//1218 615//1218 613//1218
f 610//1219 616//1219 612//1219
f 610//1220 614//1220 616//1220
f 609//1221 614//1221 610//1221
f 609//1222 613//1222 614//1222
f 611//1223 612//1223 616//1223
f 611//1224 616//1224 615//1224
f 613//1225 615//1225 619//1225
f 613//1226 619//1226 617//1226
f 614//1227 620//1227 616//1227
f 614//1228 618//1228 620//1228
f 613//1229 618//1229 614//1229
f 613//1230 617//1230 618//1230
f 615//1231 616//1231 620//1231
f 615//1232 620//1232 619//1232
f 617//1233 619//1233 623//1233
f 617//1234 623//1234 621//1234
f 618//1235 624//1235 620//1235
f 618//1236 622//1236 624//1236
f 617//1237 622//1237 618//1237
f 617//1238 621//1238 622//1238
f 619//1239 620//1239 624//1239
f 619//1240 624//1240 623//1240
f 621//1241 623//1241 627//1241
f 621//1242 627//1242 625//1242
f 622//1243 628//1243 624//1243
f 622//1244 626//1244 628//1244
f 621//1245 626//1245 622//1245
f 621//1246 625//1246 626//1246
f 623//1247 624//1247 628//1247
f 623//1248 628//1248 627//1248
f 625//1249 627//1249 631//1249
f 625//1250 631//1250 629//1250
f 626//1251 632//1251 628//1251
f 626//1252 630//1252 632//1252
f 625//1253 630//1253 626//1253
f 625//1254 629//1254 630//1254
f 627//1255 628//1255 632//1255
f 627//1256 632//1256 631//1256
f 629//1257 631//1257 635//1257
f 629//1258 635//1258 633//1258
f 630//1259 636//1259 632//1259
f 630//1260 634//1260 636//1260
f 629//1261 634//1261 630//1261
f 629//1262 633//1262 634//1262
f 631//1263 632//1263 636//1263
f 631//1264 636//1264 635//1264
f 633//1265 635//1265 639//1265
f 633//1266 639//1266 637//1266
f 634//1267 640//1267 636//1267
f 634//1268 638//1268 640//1268
f 633//1269 638//1269 634//1269
f 633//1270 637//1270 638//1270
f 635//1271 636//1271 640//1271
f 635//1272 640//1272 639//1272
f 637//1273 639//1273 643//1273
f 637//1274 643//1274 641//1274
f 638//1275 644//1275 640//1275
f 638//1276 642//1276 644//1276
f 637//1277 642//1277 638//1277
f 637//1278 641//1278 642//1278
f 639//1279 640//1279 644//1279
f 639//1280 644//1280 643//1280
f 641//1281 643//1281 647//1281
f 641//1282 647//1282 645//1282
f 642//1283 648//1283 644//1283
f 642//1284 646//1284 648//1284
f 641//1285 646//1285 642//1285
f 641//1286 645//1286 646//1286
f 643//1287 644//1287 648//1287
f 643//1288 648//1288 647//1288
f 645//1289 647//1289 651//1289
f 645//1290 651//1290 649//1290
f 646//1291 652//1291 648//1291
f 646//1292 650//1292 652//1292
f 645//1293 650//1293 646//1293
f 645//1294 649//1294 650//1294
f 647//1295 648//1295 652//1295
f 647//1296 652//1296 651//1296
f 649//1297 651//1297 655//1297
f 649//1298 655//1298 653//1298
f 650//1299 656//1299 652//1299
f 650//1300 654//1300 656//1300
f 649//1301 654//1301 650//1301
f 649//1302 653//1302 654//1302
f 651//1303 652//1303 656//1303
f 651//1304 656//1304 655//1304
f 653//1305 655//1305 659//1305
f 653//1306 659//1306 657//1306
f 654//1307 660//1307 656//1307
f 654//1308 658//1308 660//1308
f 653//1309 658//1309 654//1309
f 653//1310 657//1310 658//1310
f 655//1311 656//1311 660//1311
f 655//1312 660//1312 659//1312
f 657//1313 659//1313 663//1313
f 657//1314 663//1314 661//1314
f 658//1315 664//1315 660//1315
f 658//1316 662//1316 664//1316
f 657//1317 662//1317 658//1317
f 657//1318 661//1318 662//1318
f 659//1319 660//1319 664//1319
f 659//1320 664//1320 663//1320
f 661//1321 663//1321 667//1321
f 661//1322 667//1322 665//1322
f 662//1323 668//1323 664//1323
f 662//1324 666//1324 668//1324
f 661//1325 666//1325 662//1325
f 661//1326 665//1326 666//1326
f 663//1327 664//1327 668//1327
f 663//1328 668//1328 667//1328
f 665//1329 667//1329 671//1329
f 665//1330 671//1330 669//1330
f 666//1331 672//1331 668//1331
f 666//1332 670//1332 672//1332
f 665//1333 670//1333 666//1333
f 665//1334 669//1334 670//1334
f 667//1335 668//1335 672//1335
f 667//1336 672//1336 671//1336
f 669//1337 671//1337 675//1337
f 669//1338 675//1338 673//1338
f 670//1339 676//1339 672//1339
f 670//1340 674//1340 676//1340
f 669//1341 674//1341 670//1341
f 669//1342 673//1342 674//1342
f 671//1343 672//1343 676//1343
f 671//1344 676//1344 675//1344
f 673//1345 675//1345 679//1345
f 673//1346 679//1346 677//1346
f 674//1347 680//1347 676//1347
f 674//1348 678//1348 680//1348
f 673//1349 678//1349 674//1349
f 673//1350 677//1350 678//1350
f 675//1351 676//1351 680//1351
f 675//1352 680//1352 679//1352
f 677//1353 679//1353 683//1353
f 677//1354 683//1354 681//1354
f 678//1355 684//1355 680//1355
f 678//1356 682//1356 684//1356
f 677//1357 682//1357 678//1357
f 677//1358 681//1358 682//1358
f 679//1359 680//1359 684//1359
f 679//1360 684//1360 683//1360
f 681//1361 683//1361 687//1361
f 681//1362 687//1362 685//1362
f 682//1363 688//1363 684//1363
f 682//1364 686//1364 688//1364
f 681//1365 686//1365 682//1365
f 681//1366 685//1366 686//1366
f 683//1367 684//1367 688//1367
f 683//1368 688//1368 687//1368
f 685//1369 687//1369 691//1369
f 685//1370 691//1370 689//1370
f 686//1371 692//1371 688//1371
f 686//1372 690//1372 692//1372
f 685//1373 690//1373 686//1373
f 685//1374 689//1374 690//1374
f 687//1375 688//1375 692//1375
f 687//1376 692//1376 691//1376
f 689//1377 691//1377 695//1377
f 689//1378 695//1378 693//1378
f 690//1379 696//1379 692//1379
f 690//1380 694//1380 696//1380
f 689//1381 694//1381 690//1381
f 689//1382 693//1382 694//1382
f 691//1383 692//1383 696//1383
f 691//1384 696//1384 695//1384
f 693//1385 695//1385 699//1385
f 693//1386 699//1386 697//1386
f 694//1387 700//1387 696//1387
f 694//1388 698//1388 700//1388
f 693//1389 698//1389 694//1389
f 693//1390 697//1390 698//1390
f 695//1391 696//1391 700//1391
f 695//1392 700//1392 699//1392
f 697//1393 699//1393 703//1393
f 697//1394 703//1394 701//1394
f 698//1395 704//1395 700//1395
f 698//1396 702//1396 704//1396
f 697//1397 702//1397 698//1397
f 697//1398 701//1398 702//1398
f 699//1399 700//1399 704//1399
f 699//1400 704//1400 703//1400
f 701//1401 703//1401 707//1401
f 701//1402 707//1402 705//1402
f 702//1403 708//1403 704//1403
f 702//1404 706//1404 708//1404
f 701//1405 706//1405 702//1405
f 701//1406 705//1406 706//1406
f 703//1407 704//1407 708//1407
f 703//1408 708//1408 707//1408
f 705//1409 707//1409 711//1409
f 705//1410 711//1410 709//1410
f 706//1411 712//1411 708//1411
f 706//1412 710//1412 712//1412
f 705//1413 710//1413 706//1413
f 705//1414 709//1414 710//1414
f 707//1415 708//1415 712//1415
f 707//1416 712//1416 711//1416
f 709//1417 711//1417 715//1417
f 709//1418 715//1418 713//1418
f 710//1419 716//1419 712//1419
f 710//1420 714//1420 716//1420
f 709//1421 714//1421 710//1421
f 709//1422 713//1422 714//1422
f 711//1423 712//1423 716//1423
f 711//1424 716//1424 715//1424
f 713//1425 715//1425 719//1425
f 713//1426 719//1426 717//1426
f 714//1427 720//1427 716//1427
f 714//1428 718//1428 720//1428
f 713//1429 718//1429 714//1429
f 713//1430 717//1430 718//1430
f 715//1431 716//1431 720//1431
f 715//1432 720//1432 719//1432
f 717//1433 719//1433 723//1433
f 717//1434 723//1434 721//1434
f 718//1435 724//1435 720//1435
f 718//1436 722//1436 724//1436
f 717//1437 722//1437 718//1437
f 717//1438 721//1438 722//1438
f 719//1439 720//1439 724//1439
f 719//1440 724//1440 723//1440
f 721//1441 723//1441 727//1441
f 721//1442 727//1442 725//1442
f 722//1443 728//1443 724//1443
f 722//1444 726//1444 728//1444
f 721//1445 726//1445 722//1445
f 721//1446 725//1446 726//1446
f 723//1447 724//1447 728//1447
f 723//1448 728//1448 727//1448
f 725//1449 727//1449 731//1449
f 725//1450 731//1450 729//1450
f 726//1451 732//1451 728//1451
f 726//1452 730//1452 732//1452
f 725//1453 730//1453 726//1453
f 725//1454 729//1454 730//1454
f 727//1455 728//1455 732//1455
f 727//1456 732//1456 731//1456
f 729//1457 731//1457 735//1457
f 729//1458 735//1458 733//1458
f 730//1459 736//1459 732//1459
f 730//1460 734//1460 736//1460
f 729//1461 734//1461 730//1461
f 729//1462 733//1462 734//1462
f 731//1463 732//1463 736//1463
f 731//1464 736//1464 735//1464
f 733//1465 735//1465 739//1465
f 733//1466 739//1466 737//1466
f 734//1467 740//1467 736//1467
f 734//1468 738//1468 740//1468
f 733//1469 738//1469 734//1469
f 733//1470 737//1470 738//1470
f 735//1471 736//1471 740//1471
f 735//1472 740//1472 739//1472
f 737//1473 739//1473 743//1473
f 737//1474 743//1474 741//1474
f 738//1475 744//1475 740//1475
f 738//1476 742//1476 744//1476
f 737//1477 742//1477 738//1477
f 737//1478 741//1478 742//1478
f 739//1479 740//1479 744//1479
f 739//1480 744//1480 743//1480
f 741//1481 743//1481 747//1481
f 741//1482 747//1482 745//1482
f 742//1483 748//1483 744//1483
f 742//1484 746//1484 748//1484
f 741//1485 746//1485 742//1485
f 741//1486 745//1486 746//1486
f 743//1487 744//1487 748//1487
f 743//1488 748//1488 747//1488
f 745//1489 747//1489 751//1489
f 745//1490 751//1490 749//1490
f 746//1491 752//1491 748//1491
f 746//1492 750//1492 752//1492
f 745//1493 750//1493 746//1493
f 745//1494 749//1494 750//1494
f 747//1495 748//1495 752//1495
f 747//1496 752//1496 751//1496
f 749//1497 751//1497 755//1497
f 749//1498 755//1498 753//1498
f 750//1499 756//1499 752//1499
f 750//1500 754//1500 756//1500
f 749//1501 754//1501 750//1501
f 749//1502 753//1502 754//1502
f 751//1503 752//1503 756//1503
f 751//1504 756//1504 755//1504
f 753//1505 755//1505 759//1505
f 753//1506 759//1506 757//1506
f 754//1507 760//1507 756//1507
f 754//1508 758//1508 760//1508
f 753//1509 758//1509 754//1509
f 753//1510 757//1510 758//1510
f 755//1511 756//1511 760//1511
f 755//1512 760//1512 759//1512
f 757//1513 759//1513 763//1513
f 757//1514 763//1514 761//1514
f 758//1515 764//1515 760//1515
f 758//1516 762//1516 764//1516
f 757//1517 762//1517 758//1517
f 757//1518 761//1518 762//1518
f 759//1519 760//1519 764//1519
f 759//1520 764//1520 763//1520
f 761//1521 763//1521 767//1521
f 761//1522 767//1522 765//1522
f 762//1523 768//1523 764//1523
f 762//1524 766//1524 768//1524
f 761//1525 766//1525 762//1525
f 761//1526 765//1526 766//1526
f 763//1527 764//1527 768//1527
f 763//1528 768//1528 767//1528
f 765//1529 767//1529 771//1529
f 765//1530 771//1530 769//1530
f 766//1531 772//1531 768//1531
f 766//1532 770//1532 772//1532
f 765//1533 770//1533 766//1533
f 765//1534 769//1534 770//1534
f 767//1535 768//1535 772//1535
f 767//1536 772//1536 771//1536
f 769//1537 771//1537 775//1537
f 769//1538 775//1538 773//1538
f 770//1539 776//1539 772//1539
f 770//1540 774//1540 776//1540
f 769//1541 774//1541 770//1541
f 769//1542 773//1542 774//1542
f 771//1543 772//1543 776//1543
f 771//1544 776//1544 775//1544
f 773//1545 775//1545 779//1545
f 773//1546 779//1546 777//1546
f 774//1547 780//1547 776//1547
f 774//1548 778//1548 780//1548
f 773//1549 778//1549 774//1549
f 773//1550 777//1550 778//1550
f 775//1551 776//1551 780//1551
f 775//1552 780//1552 779//1552
f 777//1553 779//1553 783//1553
f 777//1554 783//1554 781//1554
f 778//1555 784//1555 780//1555
f 778//1556 782//1556 784//1556
f 777//1557 782//1557 778//1557
f 777//1558 781//1558 782//1558
f 779//1559 780//1559 784//1559
f 779//1560 784//1560 783//1560
f 781//1561 783//1561 787//1561
f 781//1562 787//1562 785//1562
f 782//1563 788//1563 784//1563
f 782//1564 786//1564 788//1564
f 781//1565 786//1565 782//1565
f 781//1566 785//1566 786//1566
f 783//1567 784//1567 788//1567
f 783//1568 788//1568 787//1568
f 785//1569 787//1569 791//1569
f 785//1570 791//1570 789//1570
f 786//1571 792//1571 788//1571
f 786//1572 790//1572 792//1572
f 785//1573 790//1573 786//1573
f 785//1574 789//1574 790//1574
f 787//1575 788//1575 792//1575
f 787//1576 792//1576 791//1576
f 789//1577 791//1577 795//1577
f 789//1578 795//1578 793//1578
f 790//1579 796//1579 792//1579
f 790//1580 794//1580 796//1580
f 789//1581 794//1581 790//1581
f 789//1582 793//1582 794//1582
f 791//1583 792//1583 796//1583
f 791//1584 796//1584 795//1584
f 793//1585 795//1585 799//1585
f 793//1586 799//1586 797//1586
f 794//1587 800//1587 796//1587
f 794//1588 798//1588 800//1588
f 793//1589 798//1589 794//1589
f 793//1590 797//1590 798//1590
f 795//1591 796//1591 800//1591
f 795//1592 800//1592 799//1592
f 797//1593 799//1593 803//1593
f 797//1594 803//1594 801//1594
f 798//1595 804//1595 800//1595
f 798//1596 802//1596 804//1596
f 797//1597 802//1597 798//1597
f 797//1598 801//1598 802//1598
f 799//1599 800//1599 804//1599
f 799//1600 804//1600 803//1600
f 801//1601 803//1601 807//1601
f 801//1602 807//1602 805//1602
f 802//1603 808//1603 804//1603
f 802//1604 806//1604 808//1604
f 801//1605 806//1605 802//1605
f 801//1606 805//1606 806//1606
f 803//1607 804//1607 808//1607
f 803//1608 808//1608 807//1608
f 805//1609 807//1609 811//1609
f 805//1610 811//1610 809//1610
f 806//1611 812//1611 808//1611
f 806//1612 810//1612 812//1612
f 805//1613 810//1613 806//1613
f 805//1614 809//1614 810//1614
f 807//1615 808//1615 812//1615
f 807//1616 812//1616 811//1616
f 809//1617 811//1617 815//1617
f 809//1618 815//1618 813//1618
f 810//1619 816//1619 812//1619
f 810//1620 814//1620 816//1620
f 809//1621 814//1621 810//1621
f 809//1622 813//1622 814//1622
f 811//1623 812//1623 816//1623
f 811//1624 816//1624 815//1624
f 813//1625 815//1625 819//1625
f 813//1626 819//1626 817//1626
f 814//1627 820//1627 816//1627
f 814//1628 818//1628 820//1628
f 813//1629 818//1629 814//1629
f 813//1630 817//1630 818//1630
f 815//1631 816//1631 820//1631
f 815//1632 820//1632 819//1632
f 817//1633 819//1633 823//1633
f 817//1634 823//1634 821//1634
f 818//1635 824//1635 820//1635
f 818//1636 822//1636 824//1636
f 817//1637 822//1637 818//1637
f 817//1638 821//1638 822//1638
f 819//1639 820//1639 824//1639
f 819//1640 824//1640 823//1640
f 821//1641 823//1641 827//1641
f 821//1642 827//1642 825//1642
f 822//1643 828//1643 824//1643
f 822//1644 826//1644 828//1644
f 821//1645 826//1645 822//1645
f 821//1646 825//1646 826//1646
f 823//1647 824//1647 828//1647
f 823//1648 828//1648 827//1648
f 825//1649 827//1649 831//1649
f 825//1650 831//1650 829//1650
f 826//1651 832//1651 828//1651
f 826//1652 830//1652 832//1652
f 825//1653 830//1653 826//1653
f 825//1654 829//1654 830//1654
f 827//1655 828//1655 832//1655
f 827//1656 832//1656 831//1656
f 829//1657 831//1657 835//1657
f 829//1658 835//1658 833//1658
f 830//1659 836//1659 832//1659
f 830//1660 834//1660 836//1660
f 829//1661 834//1661 830//1661
f 829//1662 833//1662 834//1662
f 831//1663 832//1663 836//1663
f 831//1664 836//1664 835//1664
f 833//1665 835//1665 839//1665
f 833//1666 839//1666 837//1666
f 834//1667 840//1667 836//1667
f 834//1668 838//1668 840//1668
f 833//1669 838//1669 834//1669
f 833//1670 837//1670 838//1670
f 835//1671 836//1671 840//1671
f 835//1672 840//1672 839//1672
f 837//1673 839//1673 843//1673
f 837//1674 843//1674 841//1674
f 838//1675 844//1675 840//1675
f 838//1676 842//1676 844//1676
f 837//1677 842//1677 838//1677
f 837//1678 841//1678 842//1678
f 839//1679 840//1679 844//1679
f 839//1680 844//1680 843//1680
f 841//1681 843//1681 847//1681
f 841//1682 847//1682 845//1682
f 842//1683 848//1683 844//1683
f 842//1684 846//1684 848//1684
f 841//1685 846//1685 842//1685
f 841//1686 845//1686 846//1686
f 843//1687 844//1687 848//1687
f 843//1688 848//1688 847//1688
f 845//1689 847//1689 851//1689
f 845//1690 851//1690 849//1690
f 846//1691 852//1691 848//1691
f 846//1692 850//1692 852//1692
f 845//1693 850//1693 846//1693
f 845//1694 849//1694 850//1694
f 847//1695 848//1695 852//1695
f 847//1696 852//1696 851//1696
f 849//1697 851//1697 855//1697
f 849//1698 855//1698 853//1698
f 850//1699 856//1699 852//1699
f 850//1700 854//1700 856//1700
f 849//1701 854//1701 850//1701
f 849//1702 853//1702 854//1702
f 851//1703 852//1703 856//1703
f 851//1704 856//1704 855//1704
f 853//1705 855//1705 859//1705
f 853//1706 859//1706 857//1706
f 854//1707 860//1707 856//1707
f 854//1708 858//1708 860//1708
f 853//1709 858//1709 854//1709
f 853//1710 857//1710 858//1710
f 855//1711 856//1711 860//1711
f 855//1712 860//1712 859//1712
f 857//1713 859//1713 863//1713
f 857//1714 863//1714 861//1714
f 858//1715 864//1715 860//1715
f 858//1716 862//1716 864//1716
f 857//1717 862//1717 858//1717
f 857//1718 861//1718 862//1718
f 859//1719 860//1719 864//1719
f 859//1720 864//1720 863//1720
f 861//1721 863//1721 867//1721
f 861//1722 867//1722 865//1722
f 862//1723 868//1723 864//1723
f 862//1724 866//1724 868//1724
f 861//1725 866//1725 862//1725
f 861//1726 865//1726 866//1726
f 863//1727 864//1727 868//1727
f 863//1728 868//1728 867//1728
f 865//1729 867//1729 871//1729
f 865//1730 871//1730 869//1730
f 866//1731 872//1731 868//1731
f 866//1732 870//1732 872//1732
f 865//1733 870//1733 866//1733
f 865//1734 869//1734 870//1734
f 867//1735 868//1735 872//1735
f 867//1736 872//1736 871//1736
f 869//1737 871//1737 875//1737
f 869//1738 875//1738 873//1738
f 870//1739 876//1739 872//1739
f 870//1740 874//1740 876//1740
f 869//1741 874//1741 870//1741
f 869//1742 873//1742 874//1742
f 871//1743 872//1743 876//1743
f 871//1744 876//1744 875//1744
f 873//1745 875//1745 879//1745
f 873//1746 879//1746 877//1746
f 874//1747 880//1747 876//1747
f 874//1748 878//1748 880//1748
f 873//1749 878//1749 874//1749
f 873//1750 877//1750 878//1750
f 875//1751 876//1751 880//1751
f 875//1752 880//1752 879//1752
f 877//1753 879//1753 883//1753
f 877//1754 883//1754 881//1754
f 878//1755 884//1755 880//1755
f 878//1756 882//1756 884//1756
f 877//1757 882//1757 878//1757
f 877//1758 881//1758 882//1758
f 879//1759 880//1759 884//1759
f 879//1760 884//1760 883//1760
f 881//1761 883//1761 887//1761
f 881//1762 887//1762 885//1762
f 882//1763 888//1763 884//1763
f 882//1764 886//1764 888//1764
f 881//1765 886//1765 882//1765
f 881//1766 885//1766 886//1766
f 883//1767 884//1767 888//1767
f 883//1768 888//1768 887//1768
f 885//1769 887//1769 891//1769
f 885//1770 891//1770 889//1770
f 886//1771 892//1771 888//1771
f 886//1772 890//1772 892//1772
f 885//1773 890//1773 886//1773
f 885//1774 889//1774 890//1774
f 887//1775 888//1775 892//1775
f 887//1776 892//1776 891//1776
f 889//1777 891//1777 895//1777
f 889//1778 895//1778 893//1778
f 890//1779 896//1779 892//1779
f 890//1780 894//1780 896//1780
f 889//1781 894//1781 890//1781
f 889//1782 893//1782 894//1782
f 891//1783 892//1783 896//1783
f 891//1784 896//1784 895//1784
f 893//1785 895//1785 899//1785
f 893//1786 899//1786 897//1786
f 894//1787 900//1787 896//1787
f 894//1788 898//1788 900//1788
f 893//1789 898//1789 894//1789
f 893//1790 897//1790 898//1790
f 895//1791 896//1791 900//1791
f 895//1792 900//1792 899//1792
f 897//1793 899//1793 903//1793
f 897//1794 903//1794 901//1794
f 898//1795 904//1795 900//1795
f 898//1796 902//1796 904//1796
f 897//1797 902//1797 898//1797
f 897//1798 901//1798 902//1798
f 899//1799 900//1799 904//1799
f 899//1800 904//1800 903//1800
f 901//1801 903//1801 907//1801
f 901//1802 907//1802 905//1802
f 902//1803 908//1803 904//1803
f 902//1804 906//1804 908//1804
f 901//1805 906//1805 902//1805
f 901//1806 905//1806 906//1806
f 903//1807 904//1807 908//1807
f 903//1808 908//1808 907//1808
f 905//1809 907//1809 911//1809
f 905//1810 911//1810 909//1810
f 906//1811 912//1811 908//1811
f 906//1812 910//1812 912//1812
f 905//1813 910//1813 906//1813
f 905//1814 909//1814 910//1814
f 907//1815 908//1815 912//1815
f 907//1816 912//1816 911//1816
f 909//1817 911//1817 915//1817
f 909//1818 915//1818 913//1818
f 910//1819 916//1819 912//1819
f 910//1820 914//1820 916//1820
f 909//1821 914//1821 910//1821
f 909//1822 913//1822 914//1822
f 911//1823 912//1823 916//1823
f 911//1824 916//1824 915//1824
f 913//1825 915//1825 919//1825
f 913//1826 919//1826 917//1826
f 914//1827 920//1827 916//1827
f 914//1828 918//1828 920//1828
f 913//1829 918//1829 914//1829
f 913//1830 917//1830 918//1830
f 915//1831 916//1831 920//1831
f 915//1832 920//1832 919//1832
f 917//1833 919//1833 923//1833
f 917//1834 923//1834 921//1834
f 918//1835 924//1835 920//1835
f 918//1836 922//1836 924//1836
f 917//1837 922//1837 918//1837
f 917//1838 921//1838 922//1838
f 919//1839 920//1839 924//1839
f 919//1840 924//1840 923//1840
f 921//1841 923//1841 927//1841
f 921//1842 927//1842 925//1842
f 922//1843 928//1843 924//1843
f 922//1844 926//1844 928//1844
f 921//1845 926//1845 922//1845
f 921//1846 925//1846 926//1846
f 923//1847 924//1847 928//1847
f 923//1848 928//1848 927//1848
f 925//1849 927//1849 931//1849
f 925//1850 931//1850 929//1850
f 926//1851 932//1851 928//1851
f 926//1852 930//1852 932//1852
f 925//1853 930//1853 926//1853
f 925//1854 929//1854 930//1854
f 927//1855 928//1855 932//1855
f 927//1856 932//1856 931//1856
f 929//1857 931//1857 935//1857
f 929//1858 935//1858 933//1858
f 930//1859 936//1859 932//1859
f 930//1860 934//1860 936//1860
f 929//1861 934//1861 930//1861
f 929//1862 933//1862 934//1862
f 931//1863 932//1863 936//1863
f 931//1864 936//1864 935//1864
f 933//1865 935//1865 939//1865
f 933//1866 939//1866 937//1866
f 934//1867 940//1867 936//1867
f 934//1868 938//1868 940//1868
f 933//1869 938//1869 934//1869
f 933//1870 937//1870 938//1870
f 935//1871 936//1871 940//1871
f 935//1872 940//1872 939//1872
f 937//1873 939//1873 943//1873
f 937//1874 943//1874 941//1874
f 938//1875 944//1875 940//1875
f 938//1876 942//1876 944//1876
f 937//1877 942//1877 938//1877
f 937//1878 941//1878 942//1878
f 939//1879 940//1879 944//1879
f 939//1880 944//1880 943//1880
f 941//1881 943//1881 947//1881
f 941//1882 947//1882 945//1882
f 942//1883 948//1883 944//1883
f 942//1884 946//1884 948//1884
f 941//1885 946//1885 942//1885
f 941//1886 945//1886 946//1886
f 943//1887 944//1887 948//1887
f 943//1888 948//1888 947//1888
f 945//1889 947//1889 951//1889
f 945//1890 951//1890 949//1890
f 946//1891 952//1891 948//1891
f 946//1892 950//1892 952//1892
f 945//1893 950//1893 946//1893
f 945//1894 949//1894 950//1894
f 947//1895 948//1895 952//1895
f 947//1896 952//1896 951//1896
f 949//1897 951//1897 955//1897
f 949//1898 955//1898 953//1898
f 950//1899 956//1899 952//1899
f 950//1900 954//1900 956//1900
f 949//1901 954//1901 950//1901
f 949//1902 953//1902 954//1902
f 951//1903 952//1903 956//1903
f 951//1904 956//1904 955//1904
f 953//1905 955//1905 959//1905
f 953//1906 959//1906 957//1906
f 954//1907 960//1907 956//1907
f 954//1908 958//1908 960//1908
f 953//1909 958//1909 954//1909
f 953//1910 957//1910 958//1910
f 955//1911 956//1911 960//1911
f 955//1912 960//1912 959//1912
f 957//1913 959//1913 963//1913
f 957//1914 963//1914 961//1914
f 958//1915 964//1915 960//1915
f 958//1916 962//1916 964//1916
f 957//1917 962//1917 958//1917
f 957//1918 961//1918 962//1918
f 959//1919 960//1919 964//1919
f 959//1920 964//1920 963//1920
f 961//1921 963//1921 967//1921
f 961//1922 967//1922 965//1922
f 962//1923 968//1923 964//1923
f 962//1924 966//1924 968//1924
f 961//1925 966//1925 962//1925
f 961//1926 965//1926 966//1926
f 963//1927 964//1927 968//1927
f 963//1928 968//1928 967//1928
f 965//1929 967//1929 971//1929
f 965//1930 971//1930 969//1930
f 966//1931 972//1931 968//1931
f 966//1932 970//1932 972//1932
f 965//1933 970//1933 966//1933
f 965//1934 969//1934 970//1934
f 967//1935 968//1935 972//1935
f 967//1936 972//1936 971//1936
f 969//1937 971//1937 975//1937
f 969//1938 975//1938 973//1938
f 970//1939 976//1939 972//1939
f 970//1940 974//1940 976//1940
f 969//1941 974//1941 970//1941
f 969//1942 973//1942 974//1942
f 971//1943 972//1943 976//1943
f 971//1944 976//1944 975//1944
f 973//1945 975//1945 979//1945
f 973//1946 979//1946 977//1946
f 974//1947 980//1947 976//1947
f 974//1948 978//1948 980//1948
f 973//1949 978//1949 974//1949
f 973//1950 977//1950 978//1950
f 975//1951 976//1951 980//1951
f 975//1952 980//1952 979//1952
f 977//1953 979//1953 983//1953
f 977//1954 983//1954 981//1954
f 978//1955 984//1955 980//1955
f 978//1956 982//1956 984//1956
f 977//1957 982//1957 978//1957
f 977//1958 981//1958 982//1958
f 979//1959 980//1959 984//1959
f 979//1960 984//1960 983//1960
f 981//1961 983//1961 987//1961
f 981//1962 987//1962 985//1962
f 982//1963 988//1963 984//1963
f 982//1964 986//1964 988//1964
f 981//1965 986//1965 982//1965
f 981//1966 985//1966 986//1966
f 983//1967 984//1967 988//1967
f 983//1968 988//1968 987//1968
f 985//1969 987//1969 991//1969
f 985//1970 991//1970 989//1970
f 986//1971 992//1971 988//1971
f 986//1972 990//1972 992//1972
f 985//1973 990//1973 986//1973
f 985//1974 989//1974 990//1974
f 987//1975 988//1975 992//1975
f 987//1976 992//1976 991//1976
f 989//1977 991//1977 995//1977
f 989//1978 995//1978 993//1978
f 990//1979 996//1979 992//1979
f 990//1980 994//1980 996//1980
f 989//1981 994//1981 990//1981
f 989//1982 993//1982 994//1982
f 991//1983 992//1983 996//1983
f 991//1984 996//1984 995//1984
f 993//1985 995//1985 999//1985
f 993//1986 999//1986 997//1986
f 994//1987 1000//1987 996//1987
f 994//1988 998//1988 1000//1988
f 993//1989 998//1989 994//1989
f 993//1990 997//1990 998//1990
f 995//1991 996//1991 1000//1991
f 995//1992 1000//1992 999//1992
f 997//1993 999//1993 1003//1993
f 997//1994 1003//1994 1001//1994
f 998//1995 1004//1995 1000//1995
f 998//1996 1002//1996 1004//1996
f 997//1997 1002//1997 998//1997
f 997//1998 1001//1998 1002//1998
f 999//1999 1000//1999 1004//1999
f 999//2000 1004//2000 1003//2000
f 1001//2001 1003//2001 1007//2001
f 1001//2002 1007//2002 1005//2002
f 1002//2003 1008//2003 1004//2003
f 1002//2004 1006//2004 1008//2004
f 1001//2005 1006//2005 1002//2005
f 1001//2006 1005//2006 1006//2006
f 1003//2007 1004//2007 1008//2007
f 1003//2008 1008//2008 1007//2008
f 1005//2009 1007//2009 1011//2009
f 1005//2010 1011//2010 1009//2010
f 1006//2011 1012//2011 1008//2011
f 1006//2012 1010//2012 1012//2012
f 1005//2013 1010//2013 1006//2013
f 1005//2014 1009//2014 1010//2014
f 1007//2015 1008//2015 1012//2015
f 1007//2016 1012//2016 1011//2016
f 1009//2017 1011//2017 1015//2017
f 1009//2018 1015//2018 1013//2018
f 1010//2019 1016//2019 1012//2019
f 1010//2020 1014//2020 1016//2020
f 1009//2021 1014//2021 1010//2021
f 1009//2022 1013//2022 1014//2022
f 1011//2023 1012//2023 1016//2023
f 1011//2024 1016//2024 1015//2024
f 1013//2025 1015//2025 1019//2025
f 1013//2026 1019//2026 1017//2026
f 1014//2027 1020//2027 1016//2027
f 1014//2028 1018//2028 1020//2028
f 1013//2029 1018//2029 1014//2029
f 1013//2030 1017//2030 1018//2030
f 1015//2031 1016//2031 1020//2031
f 1015//2032 1020//2032 1019//2032
f 1017//2033 1019//2033 1023//2033
f 1017//2034 1023//2034 1021//2034
f 1018//2035 1024//2035 1020//2035
f 1018//2036 1022//2036 1024//2036
f 1017//2037 1022//2037 1018//2037
f 1017//2038 1021//2038 1022//2038
f 1019//2039 1020//2039 1024//2039
f 1019//2040 1024//2040 1023//2040
f 1021//2041 1023//2041 3//2041
f 1021//2042 3//2042 1//2042
f 1022//2043 4//2043 1024//2043
f 1022//2044 2//2044 4//2044
f 1021//2045 2//2045 1022//2045
f 1021//2046 1//2046 2//2046
f 1023//2047 1024//2047 4//2047
f 1023//2048 4//2048 3//2048
